checkpoint,step,direction,control,task,site,selection,num_examples,mean
step_005000,5000,original_to_original,opposite-number,pooled_distractor,L8H3,pre_registered,888,0.0019112256196168092
step_005000,5000,original_to_original,opposite-number,pooled_distractor,L10H2,dev_ranked,888,-0.0027726571839134973
step_005000,5000,original_to_original,opposite-number,pooled_distractor,L9H0,dev_ranked,888,-0.0008318966573423093
step_005000,5000,original_to_original,opposite-number,pooled_distractor,L11H7,dev_ranked,888,0.0026591769209853163
step_005000,5000,original_to_original,opposite-number,pooled_distractor,L8H0,dev_ranked,888,-0.003691960025478054
step_005000,5000,original_to_original,opposite-number,pooled_distractor,L11H0,dev_ranked,888,0.008173254159119752
step_005000,5000,original_to_original,opposite-number,simple,L8H3,pre_registered,392,0.0014981372015816824
step_005000,5000,original_to_original,opposite-number,simple,L10H2,dev_ranked,392,-0.005194831867607272
step_005000,5000,original_to_original,opposite-number,simple,L9H0,dev_ranked,392,-0.0038638200078691754
step_005000,5000,original_to_original,opposite-number,simple,L11H7,dev_ranked,392,0.00630481024177707
step_005000,5000,original_to_original,opposite-number,simple,L8H0,dev_ranked,392,0.0005401007983149315
step_005000,5000,original_to_original,opposite-number,simple,L11H0,dev_ranked,392,0.030056410906266193
step_005000,5000,original_to_original,opposite-number,pp_attractor,L8H3,pre_registered,296,0.002387747571275041
step_005000,5000,original_to_original,opposite-number,pp_attractor,L10H2,dev_ranked,296,-0.0037525360648696486
step_005000,5000,original_to_original,opposite-number,pp_attractor,L9H0,dev_ranked,296,-0.0008849807687707849
step_005000,5000,original_to_original,opposite-number,pp_attractor,L11H7,dev_ranked,296,0.002847260720021016
step_005000,5000,original_to_original,opposite-number,pp_attractor,L8H0,dev_ranked,296,-0.003729701042175293
step_005000,5000,original_to_original,opposite-number,pp_attractor,L11H0,dev_ranked,296,0.01125568151473999
step_005000,5000,original_to_original,opposite-number,object_relative,L8H3,pre_registered,304,0.0013442133602343108
step_005000,5000,original_to_original,opposite-number,object_relative,L10H2,dev_ranked,304,-0.0027466573213276112
step_005000,5000,original_to_original,opposite-number,object_relative,L9H0,dev_ranked,304,-0.0006633432287918893
step_005000,5000,original_to_original,opposite-number,object_relative,L11H7,dev_ranked,304,0.002825584850813213
step_005000,5000,original_to_original,opposite-number,object_relative,L8H0,dev_ranked,304,-0.0033818687263287997
step_005000,5000,original_to_original,opposite-number,object_relative,L11H0,dev_ranked,304,0.004127154224797299
step_005000,5000,original_to_original,opposite-number,subject_relative,L8H3,pre_registered,288,0.002019979887538486
step_005000,5000,original_to_original,opposite-number,subject_relative,L10H2,dev_ranked,288,-0.0017930037445492214
step_005000,5000,original_to_original,opposite-number,subject_relative,L9H0,dev_ranked,288,-0.0009552554951773749
step_005000,5000,original_to_original,opposite-number,subject_relative,L11H7,dev_ranked,288,0.0022902157571580675
step_005000,5000,original_to_original,opposite-number,subject_relative,L8H0,dev_ranked,288,-0.003980489240752326
step_005000,5000,original_to_original,opposite-number,subject_relative,L11H0,dev_ranked,288,0.009276087085405985
step_005000,5000,original_to_original,opposite-number-shuffled,pooled_distractor,L8H3,pre_registered,888,0.0011116357537003252
step_005000,5000,original_to_original,opposite-number-shuffled,pooled_distractor,L10H2,dev_ranked,888,-0.0029314777872583887
step_005000,5000,original_to_original,opposite-number-shuffled,pooled_distractor,L9H0,dev_ranked,888,-0.0011474769394676965
step_005000,5000,original_to_original,opposite-number-shuffled,pooled_distractor,L11H7,dev_ranked,888,0.002416112401463964
step_005000,5000,original_to_original,opposite-number-shuffled,pooled_distractor,L8H0,dev_ranked,888,-0.004098519548639521
step_005000,5000,original_to_original,opposite-number-shuffled,pooled_distractor,L11H0,dev_ranked,888,0.008168645270235904
step_005000,5000,original_to_original,opposite-number-shuffled,simple,L8H3,pre_registered,392,0.0007726039205278669
step_005000,5000,original_to_original,opposite-number-shuffled,simple,L10H2,dev_ranked,392,-0.0052501790377558494
step_005000,5000,original_to_original,opposite-number-shuffled,simple,L9H0,dev_ranked,392,-0.003035173124196578
step_005000,5000,original_to_original,opposite-number-shuffled,simple,L11H7,dev_ranked,392,0.005926216135219652
step_005000,5000,original_to_original,opposite-number-shuffled,simple,L8H0,dev_ranked,392,0.00021714458660203583
step_005000,5000,original_to_original,opposite-number-shuffled,simple,L11H0,dev_ranked,392,0.030329413559972023
step_005000,5000,original_to_original,opposite-number-shuffled,pp_attractor,L8H3,pre_registered,296,-0.0011413822302947174
step_005000,5000,original_to_original,opposite-number-shuffled,pp_attractor,L10H2,dev_ranked,296,-0.004547053092234844
step_005000,5000,original_to_original,opposite-number-shuffled,pp_attractor,L9H0,dev_ranked,296,-0.0014989569380476667
step_005000,5000,original_to_original,opposite-number-shuffled,pp_attractor,L11H7,dev_ranked,296,0.004458638461860451
step_005000,5000,original_to_original,opposite-number-shuffled,pp_attractor,L8H0,dev_ranked,296,-0.005208371458826838
step_005000,5000,original_to_original,opposite-number-shuffled,pp_attractor,L11H0,dev_ranked,296,0.01144044624792563
step_005000,5000,original_to_original,opposite-number-shuffled,object_relative,L8H3,pre_registered,304,0.0012673829731188323
step_005000,5000,original_to_original,opposite-number-shuffled,object_relative,L10H2,dev_ranked,304,-0.004027087437479119
step_005000,5000,original_to_original,opposite-number-shuffled,object_relative,L9H0,dev_ranked,304,-0.0005709591664766011
step_005000,5000,original_to_original,opposite-number-shuffled,object_relative,L11H7,dev_ranked,304,0.0016447148824992933
step_005000,5000,original_to_original,opposite-number-shuffled,object_relative,L8H0,dev_ranked,304,-0.003226564118736669
step_005000,5000,original_to_original,opposite-number-shuffled,object_relative,L11H0,dev_ranked,304,0.0032580400768079257
step_005000,5000,original_to_original,opposite-number-shuffled,subject_relative,L8H3,pre_registered,288,0.0032628377278645835
step_005000,5000,original_to_original,opposite-number-shuffled,subject_relative,L10H2,dev_ranked,288,-0.00011454853746626113
step_005000,5000,original_to_original,opposite-number-shuffled,subject_relative,L9H0,dev_ranked,288,-0.0013947801457511054
step_005000,5000,original_to_original,opposite-number-shuffled,subject_relative,L11H7,dev_ranked,288,0.001131102442741394
step_005000,5000,original_to_original,opposite-number-shuffled,subject_relative,L8H0,dev_ranked,288,-0.0038782358169555664
step_005000,5000,original_to_original,opposite-number-shuffled,subject_relative,L11H0,dev_ranked,288,0.009989377525117662
step_005000,5000,clone_to_clone,opposite-number,pooled_distractor,L8H3,pre_registered,888,0.02041721156051567
step_005000,5000,clone_to_clone,opposite-number,pooled_distractor,L10H2,dev_ranked,888,0.00545065172083743
step_005000,5000,clone_to_clone,opposite-number,pooled_distractor,L9H0,dev_ranked,888,-0.009246949676994805
step_005000,5000,clone_to_clone,opposite-number,pooled_distractor,L11H7,dev_ranked,888,-0.0004976281711647103
step_005000,5000,clone_to_clone,opposite-number,pooled_distractor,L8H0,dev_ranked,888,-0.0010604334844125283
step_005000,5000,clone_to_clone,opposite-number,pooled_distractor,L11H0,dev_ranked,888,0.00016902588509224556
step_005000,5000,clone_to_clone,opposite-number,simple,L8H3,pre_registered,392,0.01477022073706802
step_005000,5000,clone_to_clone,opposite-number,simple,L10H2,dev_ranked,392,0.007635645720423485
step_005000,5000,clone_to_clone,opposite-number,simple,L9H0,dev_ranked,392,-0.0019530434997714295
step_005000,5000,clone_to_clone,opposite-number,simple,L11H7,dev_ranked,392,-0.0006222128868103027
step_005000,5000,clone_to_clone,opposite-number,simple,L8H0,dev_ranked,392,0.004262475334868139
step_005000,5000,clone_to_clone,opposite-number,simple,L11H0,dev_ranked,392,-0.002866894614939787
step_005000,5000,clone_to_clone,opposite-number,pp_attractor,L8H3,pre_registered,296,0.01741034275776631
step_005000,5000,clone_to_clone,opposite-number,pp_attractor,L10H2,dev_ranked,296,0.006605438283971838
step_005000,5000,clone_to_clone,opposite-number,pp_attractor,L9H0,dev_ranked,296,-0.008687976244333628
step_005000,5000,clone_to_clone,opposite-number,pp_attractor,L11H7,dev_ranked,296,-0.0006899543710657068
step_005000,5000,clone_to_clone,opposite-number,pp_attractor,L8H0,dev_ranked,296,-0.0014131939088976061
step_005000,5000,clone_to_clone,opposite-number,pp_attractor,L11H0,dev_ranked,296,-0.000697567656233504
step_005000,5000,clone_to_clone,opposite-number,object_relative,L8H3,pre_registered,304,0.01671384588668221
step_005000,5000,clone_to_clone,opposite-number,object_relative,L10H2,dev_ranked,304,0.005316891952564842
step_005000,5000,clone_to_clone,opposite-number,object_relative,L9H0,dev_ranked,304,-0.010768256689372816
step_005000,5000,clone_to_clone,opposite-number,object_relative,L11H7,dev_ranked,304,-0.00012966441480736983
step_005000,5000,clone_to_clone,opposite-number,object_relative,L8H0,dev_ranked,304,-0.0018610507249832153
step_005000,5000,clone_to_clone,opposite-number,object_relative,L11H0,dev_ranked,304,0.0005582696513125771
step_005000,5000,clone_to_clone,opposite-number,subject_relative,L8H3,pre_registered,288,0.027416712707943387
step_005000,5000,clone_to_clone,opposite-number,subject_relative,L10H2,dev_ranked,288,0.0044049786196814645
step_005000,5000,clone_to_clone,opposite-number,subject_relative,L9H0,dev_ranked,288,-0.008215626080830893
step_005000,5000,clone_to_clone,opposite-number,subject_relative,L11H7,dev_ranked,288,-0.0006883657640881009
step_005000,5000,clone_to_clone,opposite-number,subject_relative,L8H0,dev_ranked,288,0.00014722181691063775
step_005000,5000,clone_to_clone,opposite-number,subject_relative,L11H0,dev_ranked,288,0.0006488230493333605
step_005000,5000,clone_to_clone,opposite-number-shuffled,pooled_distractor,L8H3,pre_registered,888,0.020138053475199518
step_005000,5000,clone_to_clone,opposite-number-shuffled,pooled_distractor,L10H2,dev_ranked,888,0.005719681580861409
step_005000,5000,clone_to_clone,opposite-number-shuffled,pooled_distractor,L9H0,dev_ranked,888,-0.010299683154166283
step_005000,5000,clone_to_clone,opposite-number-shuffled,pooled_distractor,L11H7,dev_ranked,888,-0.00040984663877401264
step_005000,5000,clone_to_clone,opposite-number-shuffled,pooled_distractor,L8H0,dev_ranked,888,-0.0002855368562646814
step_005000,5000,clone_to_clone,opposite-number-shuffled,pooled_distractor,L11H0,dev_ranked,888,-8.771091968089611e-05
step_005000,5000,clone_to_clone,opposite-number-shuffled,simple,L8H3,pre_registered,392,0.012190688629539646
step_005000,5000,clone_to_clone,opposite-number-shuffled,simple,L10H2,dev_ranked,392,0.008305313635845574
step_005000,5000,clone_to_clone,opposite-number-shuffled,simple,L9H0,dev_ranked,392,-0.0030769863907171755
step_005000,5000,clone_to_clone,opposite-number-shuffled,simple,L11H7,dev_ranked,392,-0.0003967759560565559
step_005000,5000,clone_to_clone,opposite-number-shuffled,simple,L8H0,dev_ranked,392,0.004917287096685293
step_005000,5000,clone_to_clone,opposite-number-shuffled,simple,L11H0,dev_ranked,392,-0.0022063875684932787
step_005000,5000,clone_to_clone,opposite-number-shuffled,pp_attractor,L8H3,pre_registered,296,0.019162020167788944
step_005000,5000,clone_to_clone,opposite-number-shuffled,pp_attractor,L10H2,dev_ranked,296,0.0073581418475589236
step_005000,5000,clone_to_clone,opposite-number-shuffled,pp_attractor,L9H0,dev_ranked,296,-0.012244374365419955
step_005000,5000,clone_to_clone,opposite-number-shuffled,pp_attractor,L11H7,dev_ranked,296,-0.0004816264719576449
step_005000,5000,clone_to_clone,opposite-number-shuffled,pp_attractor,L8H0,dev_ranked,296,0.0006231343423998034
step_005000,5000,clone_to_clone,opposite-number-shuffled,pp_attractor,L11H0,dev_ranked,296,-8.101559974051811e-05
step_005000,5000,clone_to_clone,opposite-number-shuffled,object_relative,L8H3,pre_registered,304,0.014832654281666404
step_005000,5000,clone_to_clone,opposite-number-shuffled,object_relative,L10H2,dev_ranked,304,0.004875220750507556
step_005000,5000,clone_to_clone,opposite-number-shuffled,object_relative,L9H0,dev_ranked,304,-0.010636146131314729
step_005000,5000,clone_to_clone,opposite-number-shuffled,object_relative,L11H7,dev_ranked,304,-0.00048132240772247314
step_005000,5000,clone_to_clone,opposite-number-shuffled,object_relative,L8H0,dev_ranked,304,-0.0012225038126895303
step_005000,5000,clone_to_clone,opposite-number-shuffled,object_relative,L11H0,dev_ranked,304,0.00015024213414443168
step_005000,5000,clone_to_clone,opposite-number-shuffled,subject_relative,L8H3,pre_registered,288,0.026741342412100896
step_005000,5000,clone_to_clone,opposite-number-shuffled,subject_relative,L10H2,dev_ranked,288,0.004927083849906921
step_005000,5000,clone_to_clone,opposite-number-shuffled,subject_relative,L9H0,dev_ranked,288,-0.0079458173778322
step_005000,5000,clone_to_clone,opposite-number-shuffled,subject_relative,L11H7,dev_ranked,288,-0.00026062627633412677
step_005000,5000,clone_to_clone,opposite-number-shuffled,subject_relative,L8H0,dev_ranked,288,-0.00023042824533250596
step_005000,5000,clone_to_clone,opposite-number-shuffled,subject_relative,L11H0,dev_ranked,288,-0.00034576488865746395
step_005000,5000,original_to_clone,opposite-number,pooled_distractor,L8H3,pre_registered,888,-0.000719011098414928
step_005000,5000,original_to_clone,opposite-number,pooled_distractor,L10H2,dev_ranked,888,-0.0047798524568746755
step_005000,5000,original_to_clone,opposite-number,pooled_distractor,L9H0,dev_ranked,888,-0.0056978235910604665
step_005000,5000,original_to_clone,opposite-number,pooled_distractor,L11H7,dev_ranked,888,0.001582411763904331
step_005000,5000,original_to_clone,opposite-number,pooled_distractor,L8H0,dev_ranked,888,0.003760612225747323
step_005000,5000,original_to_clone,opposite-number,pooled_distractor,L11H0,dev_ranked,888,0.004757635228268735
step_005000,5000,original_to_clone,opposite-number,simple,L8H3,pre_registered,392,-0.003605531186473613
step_005000,5000,original_to_clone,opposite-number,simple,L10H2,dev_ranked,392,-0.012273929557021784
step_005000,5000,original_to_clone,opposite-number,simple,L9H0,dev_ranked,392,-0.0028483040478764748
step_005000,5000,original_to_clone,opposite-number,simple,L11H7,dev_ranked,392,0.006919763526137994
step_005000,5000,original_to_clone,opposite-number,simple,L8H0,dev_ranked,392,0.0012613315971530213
step_005000,5000,original_to_clone,opposite-number,simple,L11H0,dev_ranked,392,-0.0007013289295897192
step_005000,5000,original_to_clone,opposite-number,pp_attractor,L8H3,pre_registered,296,0.00024611402202296903
step_005000,5000,original_to_clone,opposite-number,pp_attractor,L10H2,dev_ranked,296,-0.009578168392181396
step_005000,5000,original_to_clone,opposite-number,pp_attractor,L9H0,dev_ranked,296,-0.005800841627894221
step_005000,5000,original_to_clone,opposite-number,pp_attractor,L11H7,dev_ranked,296,0.0024913984376030997
step_005000,5000,original_to_clone,opposite-number,pp_attractor,L8H0,dev_ranked,296,0.004214681483603813
step_005000,5000,original_to_clone,opposite-number,pp_attractor,L11H0,dev_ranked,296,0.0012479617788984968
step_005000,5000,original_to_clone,opposite-number,object_relative,L8H3,pre_registered,304,-0.0010608003327721043
step_005000,5000,original_to_clone,opposite-number,object_relative,L10H2,dev_ranked,304,-0.0011121073835774471
step_005000,5000,original_to_clone,opposite-number,object_relative,L9H0,dev_ranked,304,-0.00425029506808833
step_005000,5000,original_to_clone,opposite-number,object_relative,L11H7,dev_ranked,304,0.0012221908883044595
step_005000,5000,original_to_clone,opposite-number,object_relative,L8H0,dev_ranked,304,0.002865141943881386
step_005000,5000,original_to_clone,opposite-number,object_relative,L11H0,dev_ranked,304,0.005279181819213064
step_005000,5000,original_to_clone,opposite-number,subject_relative,L8H3,pre_registered,288,-0.0013501677248213026
step_005000,5000,original_to_clone,opposite-number,subject_relative,L10H2,dev_ranked,288,-0.0037197586562898424
step_005000,5000,original_to_clone,opposite-number,subject_relative,L9H0,dev_ranked,288,-0.007119890716340806
step_005000,5000,original_to_clone,opposite-number,subject_relative,L11H7,dev_ranked,288,0.0010284086068471272
step_005000,5000,original_to_clone,opposite-number,subject_relative,L8H0,dev_ranked,288,0.004239148563808865
step_005000,5000,original_to_clone,opposite-number,subject_relative,L11H0,dev_ranked,288,0.0078142782052358
step_005000,5000,original_to_clone,opposite-number-shuffled,pooled_distractor,L8H3,pre_registered,888,-0.0021117259790231517
step_005000,5000,original_to_clone,opposite-number-shuffled,pooled_distractor,L10H2,dev_ranked,888,-0.005019774039586385
step_005000,5000,original_to_clone,opposite-number-shuffled,pooled_distractor,L9H0,dev_ranked,888,-0.005601012223475688
step_005000,5000,original_to_clone,opposite-number-shuffled,pooled_distractor,L11H7,dev_ranked,888,0.001418789227803548
step_005000,5000,original_to_clone,opposite-number-shuffled,pooled_distractor,L8H0,dev_ranked,888,0.0034368346940289746
step_005000,5000,original_to_clone,opposite-number-shuffled,pooled_distractor,L11H0,dev_ranked,888,0.004849525990786853
step_005000,5000,original_to_clone,opposite-number-shuffled,simple,L8H3,pre_registered,392,-0.0032234325700876663
step_005000,5000,original_to_clone,opposite-number-shuffled,simple,L10H2,dev_ranked,392,-0.011756033313517667
step_005000,5000,original_to_clone,opposite-number-shuffled,simple,L9H0,dev_ranked,392,-0.004752592164642957
step_005000,5000,original_to_clone,opposite-number-shuffled,simple,L11H7,dev_ranked,392,0.0067593199866158625
step_005000,5000,original_to_clone,opposite-number-shuffled,simple,L8H0,dev_ranked,392,0.0013279185003163864
step_005000,5000,original_to_clone,opposite-number-shuffled,simple,L11H0,dev_ranked,392,-0.00018676081482244997
step_005000,5000,original_to_clone,opposite-number-shuffled,pp_attractor,L8H3,pre_registered,296,-0.003978482774786047
step_005000,5000,original_to_clone,opposite-number-shuffled,pp_attractor,L10H2,dev_ranked,296,-0.010934773329141978
step_005000,5000,original_to_clone,opposite-number-shuffled,pp_attractor,L9H0,dev_ranked,296,-0.006128739666294407
step_005000,5000,original_to_clone,opposite-number-shuffled,pp_attractor,L11H7,dev_ranked,296,0.002669788695670463
step_005000,5000,original_to_clone,opposite-number-shuffled,pp_attractor,L8H0,dev_ranked,296,0.00358779527045585
step_005000,5000,original_to_clone,opposite-number-shuffled,pp_attractor,L11H0,dev_ranked,296,0.00228359892561629
step_005000,5000,original_to_clone,opposite-number-shuffled,object_relative,L8H3,pre_registered,304,-0.0009801340730566728
step_005000,5000,original_to_clone,opposite-number-shuffled,object_relative,L10H2,dev_ranked,304,0.0009298269685946013
step_005000,5000,original_to_clone,opposite-number-shuffled,object_relative,L9H0,dev_ranked,304,-0.002733877614924782
step_005000,5000,original_to_clone,opposite-number-shuffled,object_relative,L11H7,dev_ranked,304,0.0009425517759825054
step_005000,5000,original_to_clone,opposite-number-shuffled,object_relative,L8H0,dev_ranked,304,0.0026799793306149936
step_005000,5000,original_to_clone,opposite-number-shuffled,object_relative,L11H0,dev_ranked,304,0.004887658514474568
step_005000,5000,original_to_clone,opposite-number-shuffled,subject_relative,L8H3,pre_registered,288,-0.0013875729507870143
step_005000,5000,original_to_clone,opposite-number-shuffled,subject_relative,L10H2,dev_ranked,288,-0.005220603611734178
step_005000,5000,original_to_clone,opposite-number-shuffled,subject_relative,L9H0,dev_ranked,288,-0.008085045549604628
step_005000,5000,original_to_clone,opposite-number-shuffled,subject_relative,L11H7,dev_ranked,288,0.000635734862751431
step_005000,5000,original_to_clone,opposite-number-shuffled,subject_relative,L8H0,dev_ranked,288,0.004080583651860555
step_005000,5000,original_to_clone,opposite-number-shuffled,subject_relative,L11H0,dev_ranked,288,0.007446477810541789
step_005000,5000,clone_to_original,opposite-number,pooled_distractor,L8H3,pre_registered,888,0.003369117105329359
step_005000,5000,clone_to_original,opposite-number,pooled_distractor,L10H2,dev_ranked,888,0.00513357890618814
step_005000,5000,clone_to_original,opposite-number,pooled_distractor,L9H0,dev_ranked,888,0.0011864068271877528
step_005000,5000,clone_to_original,opposite-number,pooled_distractor,L11H7,dev_ranked,888,7.361710608542503e-05
step_005000,5000,clone_to_original,opposite-number,pooled_distractor,L8H0,dev_ranked,888,-0.0007468300896721917
step_005000,5000,clone_to_original,opposite-number,pooled_distractor,L11H0,dev_ranked,888,-0.004236044110478582
step_005000,5000,clone_to_original,opposite-number,simple,L8H3,pre_registered,392,0.0021620125186686615
step_005000,5000,clone_to_original,opposite-number,simple,L10H2,dev_ranked,392,0.008205282444856604
step_005000,5000,clone_to_original,opposite-number,simple,L9H0,dev_ranked,392,0.0010961269845767897
step_005000,5000,clone_to_original,opposite-number,simple,L11H7,dev_ranked,392,-0.0012463002788777255
step_005000,5000,clone_to_original,opposite-number,simple,L8H0,dev_ranked,392,0.0014377820248506507
step_005000,5000,clone_to_original,opposite-number,simple,L11H0,dev_ranked,392,-0.0037365701733803264
step_005000,5000,clone_to_original,opposite-number,pp_attractor,L8H3,pre_registered,296,0.00186191700600289
step_005000,5000,clone_to_original,opposite-number,pp_attractor,L10H2,dev_ranked,296,0.006163658322514714
step_005000,5000,clone_to_original,opposite-number,pp_attractor,L9H0,dev_ranked,296,0.0027603941994744376
step_005000,5000,clone_to_original,opposite-number,pp_attractor,L11H7,dev_ranked,296,3.291142953408731e-06
step_005000,5000,clone_to_original,opposite-number,pp_attractor,L8H0,dev_ranked,296,-0.0007375285432145402
step_005000,5000,clone_to_original,opposite-number,pp_attractor,L11H0,dev_ranked,296,-0.0038058435594713366
step_005000,5000,clone_to_original,opposite-number,object_relative,L8H3,pre_registered,304,0.003764448981536062
step_005000,5000,clone_to_original,opposite-number,object_relative,L10H2,dev_ranked,304,0.005744896436992444
step_005000,5000,clone_to_original,opposite-number,object_relative,L9H0,dev_ranked,304,-0.0012124557244150263
step_005000,5000,clone_to_original,opposite-number,object_relative,L11H7,dev_ranked,304,-0.0003950078236429315
step_005000,5000,clone_to_original,opposite-number,object_relative,L8H0,dev_ranked,304,0.00040504022648459986
step_005000,5000,clone_to_original,opposite-number,object_relative,L11H0,dev_ranked,304,-0.00426578678582844
step_005000,5000,clone_to_original,opposite-number,subject_relative,L8H3,pre_registered,288,0.004500889115863376
step_005000,5000,clone_to_original,opposite-number,subject_relative,L10H2,dev_ranked,288,0.003429606556892395
step_005000,5000,clone_to_original,opposite-number,subject_relative,L9H0,dev_ranked,288,0.0021008302768071494
step_005000,5000,clone_to_original,opposite-number,subject_relative,L11H7,dev_ranked,288,0.0006405562162399292
step_005000,5000,clone_to_original,opposite-number,subject_relative,L8H0,dev_ranked,288,-0.001972253123919169
step_005000,5000,clone_to_original,opposite-number,subject_relative,L11H0,dev_ranked,288,-0.004646799630588955
step_005000,5000,clone_to_original,opposite-number-shuffled,pooled_distractor,L8H3,pre_registered,888,0.00403650816496428
step_005000,5000,clone_to_original,opposite-number-shuffled,pooled_distractor,L10H2,dev_ranked,888,0.00565564793509406
step_005000,5000,clone_to_original,opposite-number-shuffled,pooled_distractor,L9H0,dev_ranked,888,0.0015218214945750194
step_005000,5000,clone_to_original,opposite-number-shuffled,pooled_distractor,L11H7,dev_ranked,888,0.0002803721943417111
step_005000,5000,clone_to_original,opposite-number-shuffled,pooled_distractor,L8H0,dev_ranked,888,0.0004738349098343033
step_005000,5000,clone_to_original,opposite-number-shuffled,pooled_distractor,L11H0,dev_ranked,888,-0.004618995361499958
step_005000,5000,clone_to_original,opposite-number-shuffled,simple,L8H3,pre_registered,392,0.0015918405688538843
step_005000,5000,clone_to_original,opposite-number-shuffled,simple,L10H2,dev_ranked,392,0.007774164482038848
step_005000,5000,clone_to_original,opposite-number-shuffled,simple,L9H0,dev_ranked,392,0.0011673618336113132
step_005000,5000,clone_to_original,opposite-number-shuffled,simple,L11H7,dev_ranked,392,-0.0009308579016704949
step_005000,5000,clone_to_original,opposite-number-shuffled,simple,L8H0,dev_ranked,392,0.0017506626187538614
step_005000,5000,clone_to_original,opposite-number-shuffled,simple,L11H0,dev_ranked,392,-0.0036123455787191584
step_005000,5000,clone_to_original,opposite-number-shuffled,pp_attractor,L8H3,pre_registered,296,0.0023014593768764186
step_005000,5000,clone_to_original,opposite-number-shuffled,pp_attractor,L10H2,dev_ranked,296,0.008032212386260161
step_005000,5000,clone_to_original,opposite-number-shuffled,pp_attractor,L9H0,dev_ranked,296,0.004348213608200486
step_005000,5000,clone_to_original,opposite-number-shuffled,pp_attractor,L11H7,dev_ranked,296,-0.00025411232097728834
step_005000,5000,clone_to_original,opposite-number-shuffled,pp_attractor,L8H0,dev_ranked,296,0.0015122197769783638
step_005000,5000,clone_to_original,opposite-number-shuffled,pp_attractor,L11H0,dev_ranked,296,-0.00393157553028416
step_005000,5000,clone_to_original,opposite-number-shuffled,object_relative,L8H3,pre_registered,304,0.005777263327648765
step_005000,5000,clone_to_original,opposite-number-shuffled,object_relative,L10H2,dev_ranked,304,0.005958787704768933
step_005000,5000,clone_to_original,opposite-number-shuffled,object_relative,L9H0,dev_ranked,304,-0.0007638899903548392
step_005000,5000,clone_to_original,opposite-number-shuffled,object_relative,L11H7,dev_ranked,304,0.00025557844262374073
step_005000,5000,clone_to_original,opposite-number-shuffled,object_relative,L8H0,dev_ranked,304,0.001068488547676488
step_005000,5000,clone_to_original,opposite-number-shuffled,object_relative,L11H0,dev_ranked,304,-0.005179031899100856
step_005000,5000,clone_to_original,opposite-number-shuffled,subject_relative,L8H3,pre_registered,288,0.003982288969887627
step_005000,5000,clone_to_original,opposite-number-shuffled,subject_relative,L10H2,dev_ranked,288,0.002893086936738756
step_005000,5000,clone_to_original,opposite-number-shuffled,subject_relative,L9H0,dev_ranked,288,0.0010296139452192518
step_005000,5000,clone_to_original,opposite-number-shuffled,subject_relative,L11H7,dev_ranked,288,0.0008558746841218737
step_005000,5000,clone_to_original,opposite-number-shuffled,subject_relative,L8H0,dev_ranked,288,-0.0012210839324527318
step_005000,5000,clone_to_original,opposite-number-shuffled,subject_relative,L11H0,dev_ranked,288,-0.004734360509448581
step_015000,15000,original_to_original,opposite-number,pooled_distractor,L8H3,pre_registered,888,0.005025463061289744
step_015000,15000,original_to_original,opposite-number,pooled_distractor,L10H2,dev_ranked,888,0.001816844081019496
step_015000,15000,original_to_original,opposite-number,pooled_distractor,L9H0,dev_ranked,888,0.0012330466562563234
step_015000,15000,original_to_original,opposite-number,pooled_distractor,L11H7,dev_ranked,888,0.0008959034541705707
step_015000,15000,original_to_original,opposite-number,pooled_distractor,L8H0,dev_ranked,888,0.02707702243650282
step_015000,15000,original_to_original,opposite-number,pooled_distractor,L11H0,dev_ranked,888,-0.0012806772111772417
step_015000,15000,original_to_original,opposite-number,simple,L8H3,pre_registered,392,-0.00399720303866328
step_015000,15000,original_to_original,opposite-number,simple,L10H2,dev_ranked,392,0.0017362942500990263
step_015000,15000,original_to_original,opposite-number,simple,L9H0,dev_ranked,392,0.0025764107704162598
step_015000,15000,original_to_original,opposite-number,simple,L11H7,dev_ranked,392,0.002071767437214754
step_015000,15000,original_to_original,opposite-number,simple,L8H0,dev_ranked,392,0.0014255302292960031
step_015000,15000,original_to_original,opposite-number,simple,L11H0,dev_ranked,392,-0.002028642868509098
step_015000,15000,original_to_original,opposite-number,pp_attractor,L8H3,pre_registered,296,0.0057782724096968364
step_015000,15000,original_to_original,opposite-number,pp_attractor,L10H2,dev_ranked,296,0.0016154485779839593
step_015000,15000,original_to_original,opposite-number,pp_attractor,L9H0,dev_ranked,296,0.0010922776686178672
step_015000,15000,original_to_original,opposite-number,pp_attractor,L11H7,dev_ranked,296,-0.00017520060410370698
step_015000,15000,original_to_original,opposite-number,pp_attractor,L8H0,dev_ranked,296,0.04347957791508855
step_015000,15000,original_to_original,opposite-number,pp_attractor,L11H0,dev_ranked,296,-0.00015622377395629883
step_015000,15000,original_to_original,opposite-number,object_relative,L8H3,pre_registered,304,0.0023471744436966745
step_015000,15000,original_to_original,opposite-number,object_relative,L10H2,dev_ranked,304,0.0026640892028808594
step_015000,15000,original_to_original,opposite-number,object_relative,L9H0,dev_ranked,304,0.00021981251867193925
step_015000,15000,original_to_original,opposite-number,object_relative,L11H7,dev_ranked,304,0.0009801811293551797
step_015000,15000,original_to_original,opposite-number,object_relative,L8H0,dev_ranked,304,0.014099356375242534
step_015000,15000,original_to_original,opposite-number,object_relative,L11H0,dev_ranked,304,-0.002057768796619616
step_015000,15000,original_to_original,opposite-number,subject_relative,L8H3,pre_registered,288,0.0070788247717751395
step_015000,15000,original_to_original,opposite-number,subject_relative,L10H2,dev_ranked,288,0.001129519608285692
step_015000,15000,original_to_original,opposite-number,subject_relative,L9H0,dev_ranked,288,0.0024472508165571424
step_015000,15000,original_to_original,opposite-number,subject_relative,L11H7,dev_ranked,288,0.0019078006347020466
step_015000,15000,original_to_original,opposite-number,subject_relative,L8H0,dev_ranked,288,0.023917487925953336
step_015000,15000,original_to_original,opposite-number,subject_relative,L11H0,dev_ranked,288,-0.0016161021259095934
step_015000,15000,original_to_original,opposite-number-shuffled,pooled_distractor,L8H3,pre_registered,888,0.004496735495489997
step_015000,15000,original_to_original,opposite-number-shuffled,pooled_distractor,L10H2,dev_ranked,888,0.0024464909020844882
step_015000,15000,original_to_original,opposite-number-shuffled,pooled_distractor,L9H0,dev_ranked,888,0.0010896228455208443
step_015000,15000,original_to_original,opposite-number-shuffled,pooled_distractor,L11H7,dev_ranked,888,0.0002776287697456978
step_015000,15000,original_to_original,opposite-number-shuffled,pooled_distractor,L8H0,dev_ranked,888,0.02721412922884967
step_015000,15000,original_to_original,opposite-number-shuffled,pooled_distractor,L11H0,dev_ranked,888,0.0022821174011574135
step_015000,15000,original_to_original,opposite-number-shuffled,simple,L8H3,pre_registered,392,-0.004564490853523721
step_015000,15000,original_to_original,opposite-number-shuffled,simple,L10H2,dev_ranked,392,0.0016547040063507703
step_015000,15000,original_to_original,opposite-number-shuffled,simple,L9H0,dev_ranked,392,0.00276160970026133
step_015000,15000,original_to_original,opposite-number-shuffled,simple,L11H7,dev_ranked,392,0.002560757860845449
step_015000,15000,original_to_original,opposite-number-shuffled,simple,L8H0,dev_ranked,392,0.0013301603648127342
step_015000,15000,original_to_original,opposite-number-shuffled,simple,L11H0,dev_ranked,392,-0.0016877930991503658
step_015000,15000,original_to_original,opposite-number-shuffled,pp_attractor,L8H3,pre_registered,296,0.006620829169814651
step_015000,15000,original_to_original,opposite-number-shuffled,pp_attractor,L10H2,dev_ranked,296,0.004091928134093413
step_015000,15000,original_to_original,opposite-number-shuffled,pp_attractor,L9H0,dev_ranked,296,0.001057531382586505
step_015000,15000,original_to_original,opposite-number-shuffled,pp_attractor,L11H7,dev_ranked,296,-0.002557778680646742
step_015000,15000,original_to_original,opposite-number-shuffled,pp_attractor,L8H0,dev_ranked,296,0.03912512515042279
step_015000,15000,original_to_original,opposite-number-shuffled,pp_attractor,L11H0,dev_ranked,296,0.008533158817806759
step_015000,15000,original_to_original,opposite-number-shuffled,object_relative,L8H3,pre_registered,304,0.0021676860357585704
step_015000,15000,original_to_original,opposite-number-shuffled,object_relative,L10H2,dev_ranked,304,0.00047439179922405044
step_015000,15000,original_to_original,opposite-number-shuffled,object_relative,L9H0,dev_ranked,304,0.0001741694776635421
step_015000,15000,original_to_original,opposite-number-shuffled,object_relative,L11H7,dev_ranked,304,0.00047521528444792097
step_015000,15000,original_to_original,opposite-number-shuffled,object_relative,L8H0,dev_ranked,304,0.012983344103160658
step_015000,15000,original_to_original,opposite-number-shuffled,object_relative,L11H0,dev_ranked,304,-0.0006570078824695788
step_015000,15000,original_to_original,opposite-number-shuffled,subject_relative,L8H3,pre_registered,288,0.004772080315483941
step_015000,15000,original_to_original,opposite-number-shuffled,subject_relative,L10H2,dev_ranked,288,0.002837007244427999
step_015000,15000,original_to_original,opposite-number-shuffled,subject_relative,L9H0,dev_ranked,288,0.0020889176262749564
step_015000,15000,original_to_original,opposite-number-shuffled,subject_relative,L11H7,dev_ranked,288,0.002983233994907803
step_015000,15000,original_to_original,opposite-number-shuffled,subject_relative,L8H0,dev_ranked,288,0.02999365660879347
step_015000,15000,original_to_original,opposite-number-shuffled,subject_relative,L11H0,dev_ranked,288,-0.0010401540332370335
step_015000,15000,clone_to_clone,opposite-number,pooled_distractor,L8H3,pre_registered,888,0.3502789402867223
step_015000,15000,clone_to_clone,opposite-number,pooled_distractor,L10H2,dev_ranked,888,0.015090115435488589
step_015000,15000,clone_to_clone,opposite-number,pooled_distractor,L9H0,dev_ranked,888,0.014863640338450938
step_015000,15000,clone_to_clone,opposite-number,pooled_distractor,L11H7,dev_ranked,888,-0.010527775094315812
step_015000,15000,clone_to_clone,opposite-number,pooled_distractor,L8H0,dev_ranked,888,-0.001993137973922867
step_015000,15000,clone_to_clone,opposite-number,pooled_distractor,L11H0,dev_ranked,888,-0.001502784522804054
step_015000,15000,clone_to_clone,opposite-number,simple,L8H3,pre_registered,392,0.2453682945699108
step_015000,15000,clone_to_clone,opposite-number,simple,L10H2,dev_ranked,392,0.021562822011052345
step_015000,15000,clone_to_clone,opposite-number,simple,L9H0,dev_ranked,392,0.00031881308069034496
step_015000,15000,clone_to_clone,opposite-number,simple,L11H7,dev_ranked,392,-0.011989994924895617
step_015000,15000,clone_to_clone,opposite-number,simple,L8H0,dev_ranked,392,-7.403991660293267e-05
step_015000,15000,clone_to_clone,opposite-number,simple,L11H0,dev_ranked,392,-0.0015147681138953384
step_015000,15000,clone_to_clone,opposite-number,pp_attractor,L8H3,pre_registered,296,0.4052471454079087
step_015000,15000,clone_to_clone,opposite-number,pp_attractor,L10H2,dev_ranked,296,0.021319780800793622
step_015000,15000,clone_to_clone,opposite-number,pp_attractor,L9H0,dev_ranked,296,0.012105655025791478
step_015000,15000,clone_to_clone,opposite-number,pp_attractor,L11H7,dev_ranked,296,-0.008027302252279746
step_015000,15000,clone_to_clone,opposite-number,pp_attractor,L8H0,dev_ranked,296,-0.002356426135913746
step_015000,15000,clone_to_clone,opposite-number,pp_attractor,L11H0,dev_ranked,296,-0.001820544938783388
step_015000,15000,clone_to_clone,opposite-number,object_relative,L8H3,pre_registered,304,0.3265117124507302
step_015000,15000,clone_to_clone,opposite-number,object_relative,L10H2,dev_ranked,304,0.011756476603056254
step_015000,15000,clone_to_clone,opposite-number,object_relative,L9H0,dev_ranked,304,0.0402502997925407
step_015000,15000,clone_to_clone,opposite-number,object_relative,L11H7,dev_ranked,304,-0.012461081931465551
step_015000,15000,clone_to_clone,opposite-number,object_relative,L8H0,dev_ranked,304,0.00014419932114450554
step_015000,15000,clone_to_clone,opposite-number,object_relative,L11H0,dev_ranked,304,-0.0014197967554393568
step_015000,15000,clone_to_clone,opposite-number,subject_relative,L8H3,pre_registered,288,0.31887146996127236
step_015000,15000,clone_to_clone,opposite-number,subject_relative,L10H2,dev_ranked,288,0.01220624479982588
step_015000,15000,clone_to_clone,opposite-number,subject_relative,L9H0,dev_ranked,288,-0.009098793069521586
step_015000,15000,clone_to_clone,opposite-number,subject_relative,L11H7,dev_ranked,288,-0.01105699274275038
step_015000,15000,clone_to_clone,opposite-number,subject_relative,L8H0,dev_ranked,288,-0.003875836730003357
step_015000,15000,clone_to_clone,opposite-number,subject_relative,L11H0,dev_ranked,288,-0.0012637956274880304
step_015000,15000,clone_to_clone,opposite-number-shuffled,pooled_distractor,L8H3,pre_registered,888,0.3495509425799052
step_015000,15000,clone_to_clone,opposite-number-shuffled,pooled_distractor,L10H2,dev_ranked,888,0.018667830003274453
step_015000,15000,clone_to_clone,opposite-number-shuffled,pooled_distractor,L9H0,dev_ranked,888,0.010575537209038262
step_015000,15000,clone_to_clone,opposite-number-shuffled,pooled_distractor,L11H7,dev_ranked,888,-0.009749035577516298
step_015000,15000,clone_to_clone,opposite-number-shuffled,pooled_distractor,L8H0,dev_ranked,888,0.0008865696889860136
step_015000,15000,clone_to_clone,opposite-number-shuffled,pooled_distractor,L11H0,dev_ranked,888,-0.0013832224381936562
step_015000,15000,clone_to_clone,opposite-number-shuffled,simple,L8H3,pre_registered,392,0.24510117939540318
step_015000,15000,clone_to_clone,opposite-number-shuffled,simple,L10H2,dev_ranked,392,0.02452063682127972
step_015000,15000,clone_to_clone,opposite-number-shuffled,simple,L9H0,dev_ranked,392,0.0004047325679234096
step_015000,15000,clone_to_clone,opposite-number-shuffled,simple,L11H7,dev_ranked,392,-0.015108053781548324
step_015000,15000,clone_to_clone,opposite-number-shuffled,simple,L8H0,dev_ranked,392,0.0021233777610623105
step_015000,15000,clone_to_clone,opposite-number-shuffled,simple,L11H0,dev_ranked,392,-0.0011948760674924267
step_015000,15000,clone_to_clone,opposite-number-shuffled,pp_attractor,L8H3,pre_registered,296,0.39907292739765066
step_015000,15000,clone_to_clone,opposite-number-shuffled,pp_attractor,L10H2,dev_ranked,296,0.02407100232871803
step_015000,15000,clone_to_clone,opposite-number-shuffled,pp_attractor,L9H0,dev_ranked,296,0.01168825658592018
step_015000,15000,clone_to_clone,opposite-number-shuffled,pp_attractor,L11H7,dev_ranked,296,-0.005402552114950644
step_015000,15000,clone_to_clone,opposite-number-shuffled,pp_attractor,L8H0,dev_ranked,296,0.001337794033256737
step_015000,15000,clone_to_clone,opposite-number-shuffled,pp_attractor,L11H0,dev_ranked,296,-0.0023516110471777014
step_015000,15000,clone_to_clone,opposite-number-shuffled,object_relative,L8H3,pre_registered,304,0.34162034643323796
step_015000,15000,clone_to_clone,opposite-number-shuffled,object_relative,L10H2,dev_ranked,304,0.016252404765078898
step_015000,15000,clone_to_clone,opposite-number-shuffled,object_relative,L9H0,dev_ranked,304,0.03338265105297691
step_015000,15000,clone_to_clone,opposite-number-shuffled,object_relative,L11H7,dev_ranked,304,-0.012646204546878212
step_015000,15000,clone_to_clone,opposite-number-shuffled,object_relative,L8H0,dev_ranked,304,0.0038326461064188103
step_015000,15000,clone_to_clone,opposite-number-shuffled,object_relative,L11H0,dev_ranked,304,-0.0006090324175985236
step_015000,15000,clone_to_clone,opposite-number-shuffled,subject_relative,L8H3,pre_registered,288,0.30702453189426
step_015000,15000,clone_to_clone,opposite-number-shuffled,subject_relative,L10H2,dev_ranked,288,0.01566418508688609
step_015000,15000,clone_to_clone,opposite-number-shuffled,subject_relative,L9H0,dev_ranked,288,-0.01464226676358117
step_015000,15000,clone_to_clone,opposite-number-shuffled,subject_relative,L11H7,dev_ranked,288,-0.011158131890826754
step_015000,15000,clone_to_clone,opposite-number-shuffled,subject_relative,L8H0,dev_ranked,288,-0.002686935994360182
step_015000,15000,clone_to_clone,opposite-number-shuffled,subject_relative,L11H0,dev_ranked,288,-0.0012051347229215833
step_015000,15000,original_to_clone,opposite-number,pooled_distractor,L8H3,pre_registered,888,-0.002317113382322294
step_015000,15000,original_to_clone,opposite-number,pooled_distractor,L10H2,dev_ranked,888,0.003943515790475381
step_015000,15000,original_to_clone,opposite-number,pooled_distractor,L9H0,dev_ranked,888,0.00319736605291968
step_015000,15000,original_to_clone,opposite-number,pooled_distractor,L11H7,dev_ranked,888,-0.0002070439828408731
step_015000,15000,original_to_clone,opposite-number,pooled_distractor,L8H0,dev_ranked,888,0.006273469409427127
step_015000,15000,original_to_clone,opposite-number,pooled_distractor,L11H0,dev_ranked,888,0.002294049069688127
step_015000,15000,original_to_clone,opposite-number,simple,L8H3,pre_registered,392,-0.006273409541772336
step_015000,15000,original_to_clone,opposite-number,simple,L10H2,dev_ranked,392,-0.00015417410402881855
step_015000,15000,original_to_clone,opposite-number,simple,L9H0,dev_ranked,392,-0.0013397761753627232
step_015000,15000,original_to_clone,opposite-number,simple,L11H7,dev_ranked,392,-0.005803142275129046
step_015000,15000,original_to_clone,opposite-number,simple,L8H0,dev_ranked,392,0.00046632849440282707
step_015000,15000,original_to_clone,opposite-number,simple,L11H0,dev_ranked,392,-0.0019591852110259385
step_015000,15000,original_to_clone,opposite-number,pp_attractor,L8H3,pre_registered,296,-0.0043794786607896955
step_015000,15000,original_to_clone,opposite-number,pp_attractor,L10H2,dev_ranked,296,0.001607089429288297
step_015000,15000,original_to_clone,opposite-number,pp_attractor,L9H0,dev_ranked,296,0.00023132079356425516
step_015000,15000,original_to_clone,opposite-number,pp_attractor,L11H7,dev_ranked,296,-0.00039163151302853147
step_015000,15000,original_to_clone,opposite-number,pp_attractor,L8H0,dev_ranked,296,0.007347430731799151
step_015000,15000,original_to_clone,opposite-number,pp_attractor,L11H0,dev_ranked,296,0.0034319806743312526
step_015000,15000,original_to_clone,opposite-number,object_relative,L8H3,pre_registered,304,-0.0010191547243218672
step_015000,15000,original_to_clone,opposite-number,object_relative,L10H2,dev_ranked,304,0.003918349742889404
step_015000,15000,original_to_clone,opposite-number,object_relative,L9H0,dev_ranked,304,0.0015300637797305459
step_015000,15000,original_to_clone,opposite-number,object_relative,L11H7,dev_ranked,304,-0.0007965909807305587
step_015000,15000,original_to_clone,opposite-number,object_relative,L8H0,dev_ranked,304,0.005283324342024953
step_015000,15000,original_to_clone,opposite-number,object_relative,L11H0,dev_ranked,304,0.000850128500085128
step_015000,15000,original_to_clone,opposite-number,subject_relative,L8H3,pre_registered,288,-0.0015675276517868042
step_015000,15000,original_to_clone,opposite-number,subject_relative,L10H2,dev_ranked,288,0.006371407045258416
step_015000,15000,original_to_clone,opposite-number,subject_relative,L9H0,dev_ranked,288,0.008005731635623507
step_015000,15000,original_to_clone,opposite-number,subject_relative,L11H7,dev_ranked,288,0.0006049705876244439
step_015000,15000,original_to_clone,opposite-number,subject_relative,L8H0,dev_ranked,288,0.006214828954802619
step_015000,15000,original_to_clone,opposite-number,subject_relative,L11H0,dev_ranked,288,0.0026486466328303018
step_015000,15000,original_to_clone,opposite-number-shuffled,pooled_distractor,L8H3,pre_registered,888,-0.0013562478460707105
step_015000,15000,original_to_clone,opposite-number-shuffled,pooled_distractor,L10H2,dev_ranked,888,0.005812541321591214
step_015000,15000,original_to_clone,opposite-number-shuffled,pooled_distractor,L9H0,dev_ranked,888,0.002980368094401317
step_015000,15000,original_to_clone,opposite-number-shuffled,pooled_distractor,L11H7,dev_ranked,888,0.00017407724449226448
step_015000,15000,original_to_clone,opposite-number-shuffled,pooled_distractor,L8H0,dev_ranked,888,0.0070241909843307354
step_015000,15000,original_to_clone,opposite-number-shuffled,pooled_distractor,L11H0,dev_ranked,888,0.002069458768174455
step_015000,15000,original_to_clone,opposite-number-shuffled,simple,L8H3,pre_registered,392,-0.009958454540797643
step_015000,15000,original_to_clone,opposite-number-shuffled,simple,L10H2,dev_ranked,392,-9.282511107775629e-05
step_015000,15000,original_to_clone,opposite-number-shuffled,simple,L9H0,dev_ranked,392,-0.0009442738124302455
step_015000,15000,original_to_clone,opposite-number-shuffled,simple,L11H7,dev_ranked,392,-0.005848562230869215
step_015000,15000,original_to_clone,opposite-number-shuffled,simple,L8H0,dev_ranked,392,0.0005323254332250478
step_015000,15000,original_to_clone,opposite-number-shuffled,simple,L11H0,dev_ranked,392,-0.0008697157003441636
step_015000,15000,original_to_clone,opposite-number-shuffled,pp_attractor,L8H3,pre_registered,296,-0.0042202263265042695
step_015000,15000,original_to_clone,opposite-number-shuffled,pp_attractor,L10H2,dev_ranked,296,0.0025000749407587826
step_015000,15000,original_to_clone,opposite-number-shuffled,pp_attractor,L9H0,dev_ranked,296,7.709780254879513e-05
step_015000,15000,original_to_clone,opposite-number-shuffled,pp_attractor,L11H7,dev_ranked,296,-0.002235697733389365
step_015000,15000,original_to_clone,opposite-number-shuffled,pp_attractor,L8H0,dev_ranked,296,0.007060266829825737
step_015000,15000,original_to_clone,opposite-number-shuffled,pp_attractor,L11H0,dev_ranked,296,0.0005217049572918866
step_015000,15000,original_to_clone,opposite-number-shuffled,object_relative,L8H3,pre_registered,304,-6.01050100828472e-05
step_015000,15000,original_to_clone,opposite-number-shuffled,object_relative,L10H2,dev_ranked,304,0.00673889486413253
step_015000,15000,original_to_clone,opposite-number-shuffled,object_relative,L9H0,dev_ranked,304,0.0017196096872028551
step_015000,15000,original_to_clone,opposite-number-shuffled,object_relative,L11H7,dev_ranked,304,0.0010671646971451608
step_015000,15000,original_to_clone,opposite-number-shuffled,object_relative,L8H0,dev_ranked,304,0.005366411648298565
step_015000,15000,original_to_clone,opposite-number-shuffled,object_relative,L11H0,dev_ranked,304,0.002994044830924586
step_015000,15000,original_to_clone,opposite-number-shuffled,subject_relative,L8H3,pre_registered,288,0.00021913482083214654
step_015000,15000,original_to_clone,opposite-number-shuffled,subject_relative,L10H2,dev_ranked,288,0.008239203029208712
step_015000,15000,original_to_clone,opposite-number-shuffled,subject_relative,L9H0,dev_ranked,288,0.0072950853241814505
step_015000,15000,original_to_clone,opposite-number-shuffled,subject_relative,L11H7,dev_ranked,288,0.001708086993959215
step_015000,15000,original_to_clone,opposite-number-shuffled,subject_relative,L8H0,dev_ranked,288,0.008736991220050387
step_015000,15000,original_to_clone,opposite-number-shuffled,subject_relative,L11H0,dev_ranked,288,0.0026842537853452894
step_015000,15000,clone_to_original,opposite-number,pooled_distractor,L8H3,pre_registered,888,0.044432360309738295
step_015000,15000,clone_to_original,opposite-number,pooled_distractor,L10H2,dev_ranked,888,7.16453199988013e-05
step_015000,15000,clone_to_original,opposite-number,pooled_distractor,L9H0,dev_ranked,888,-0.0024873904279760412
step_015000,15000,clone_to_original,opposite-number,pooled_distractor,L11H7,dev_ranked,888,0.003152263594103289
step_015000,15000,clone_to_original,opposite-number,pooled_distractor,L8H0,dev_ranked,888,0.0033332630320712254
step_015000,15000,clone_to_original,opposite-number,pooled_distractor,L11H0,dev_ranked,888,-0.002597423824104103
step_015000,15000,clone_to_original,opposite-number,simple,L8H3,pre_registered,392,0.024050942489079068
step_015000,15000,clone_to_original,opposite-number,simple,L10H2,dev_ranked,392,-0.0050216475311590705
step_015000,15000,clone_to_original,opposite-number,simple,L9H0,dev_ranked,392,-0.0001519662993294852
step_015000,15000,clone_to_original,opposite-number,simple,L11H7,dev_ranked,392,-0.00035395305983874263
step_015000,15000,clone_to_original,opposite-number,simple,L8H0,dev_ranked,392,0.017186265818926752
step_015000,15000,clone_to_original,opposite-number,simple,L11H0,dev_ranked,392,-0.0009773045170063876
step_015000,15000,clone_to_original,opposite-number,pp_attractor,L8H3,pre_registered,296,0.04324226121644716
step_015000,15000,clone_to_original,opposite-number,pp_attractor,L10H2,dev_ranked,296,-0.0035391353272102976
step_015000,15000,clone_to_original,opposite-number,pp_attractor,L9H0,dev_ranked,296,-0.0020071251972301586
step_015000,15000,clone_to_original,opposite-number,pp_attractor,L11H7,dev_ranked,296,0.002448003034333925
step_015000,15000,clone_to_original,opposite-number,pp_attractor,L8H0,dev_ranked,296,0.004790897304947312
step_015000,15000,clone_to_original,opposite-number,pp_attractor,L11H0,dev_ranked,296,-0.0043111121332323225
step_015000,15000,clone_to_original,opposite-number,object_relative,L8H3,pre_registered,304,0.04741887042396947
step_015000,15000,clone_to_original,opposite-number,object_relative,L10H2,dev_ranked,304,0.0040701345393532205
step_015000,15000,clone_to_original,opposite-number,object_relative,L9H0,dev_ranked,304,-0.004718479357267681
step_015000,15000,clone_to_original,opposite-number,object_relative,L11H7,dev_ranked,304,0.004377567454388267
step_015000,15000,clone_to_original,opposite-number,object_relative,L8H0,dev_ranked,304,0.004502895631288227
step_015000,15000,clone_to_original,opposite-number,object_relative,L11H0,dev_ranked,304,-0.0005612859600468686
step_015000,15000,clone_to_original,opposite-number,subject_relative,L8H3,pre_registered,288,0.042503090368376836
step_015000,15000,clone_to_original,opposite-number,subject_relative,L10H2,dev_ranked,288,-0.00043790207968817814
step_015000,15000,clone_to_original,opposite-number,subject_relative,L9H0,dev_ranked,288,-0.0006259580453236898
step_015000,15000,clone_to_original,opposite-number,subject_relative,L11H7,dev_ranked,288,0.002582710650232103
step_015000,15000,clone_to_original,opposite-number,subject_relative,L8H0,dev_ranked,288,0.0006005267302195231
step_015000,15000,clone_to_original,opposite-number,subject_relative,L11H0,dev_ranked,288,-0.00298538969622718
step_015000,15000,clone_to_original,opposite-number-shuffled,pooled_distractor,L8H3,pre_registered,888,0.04640172945486533
step_015000,15000,clone_to_original,opposite-number-shuffled,pooled_distractor,L10H2,dev_ranked,888,0.0009007416329942307
step_015000,15000,clone_to_original,opposite-number-shuffled,pooled_distractor,L9H0,dev_ranked,888,-0.0030917095708417465
step_015000,15000,clone_to_original,opposite-number-shuffled,pooled_distractor,L11H7,dev_ranked,888,0.00314018371942881
step_015000,15000,clone_to_original,opposite-number-shuffled,pooled_distractor,L8H0,dev_ranked,888,0.0032164164491601892
step_015000,15000,clone_to_original,opposite-number-shuffled,pooled_distractor,L11H0,dev_ranked,888,-0.0028297315846692334
step_015000,15000,clone_to_original,opposite-number-shuffled,simple,L8H3,pre_registered,392,0.02280854084053818
step_015000,15000,clone_to_original,opposite-number-shuffled,simple,L10H2,dev_ranked,392,-0.006164441303331025
step_015000,15000,clone_to_original,opposite-number-shuffled,simple,L9H0,dev_ranked,392,-9.651451694722078e-05
step_015000,15000,clone_to_original,opposite-number-shuffled,simple,L11H7,dev_ranked,392,-0.0011041456339310628
step_015000,15000,clone_to_original,opposite-number-shuffled,simple,L8H0,dev_ranked,392,0.022878806201779112
step_015000,15000,clone_to_original,opposite-number-shuffled,simple,L11H0,dev_ranked,392,0.0007051898508655781
step_015000,15000,clone_to_original,opposite-number-shuffled,pp_attractor,L8H3,pre_registered,296,0.04382733879862605
step_015000,15000,clone_to_original,opposite-number-shuffled,pp_attractor,L10H2,dev_ranked,296,0.0033319334726075868
step_015000,15000,clone_to_original,opposite-number-shuffled,pp_attractor,L9H0,dev_ranked,296,-0.0006174090746286753
step_015000,15000,clone_to_original,opposite-number-shuffled,pp_attractor,L11H7,dev_ranked,296,0.0033610543689212282
step_015000,15000,clone_to_original,opposite-number-shuffled,pp_attractor,L8H0,dev_ranked,296,0.009759894899419835
step_015000,15000,clone_to_original,opposite-number-shuffled,pp_attractor,L11H0,dev_ranked,296,-0.005877691346245843
step_015000,15000,clone_to_original,opposite-number-shuffled,object_relative,L8H3,pre_registered,304,0.0528615885659268
step_015000,15000,clone_to_original,opposite-number-shuffled,object_relative,L10H2,dev_ranked,304,0.005369507952740318
step_015000,15000,clone_to_original,opposite-number-shuffled,object_relative,L9H0,dev_ranked,304,-0.009911168562738519
step_015000,15000,clone_to_original,opposite-number-shuffled,object_relative,L11H7,dev_ranked,304,0.003009606348840814
step_015000,15000,clone_to_original,opposite-number-shuffled,object_relative,L8H0,dev_ranked,304,0.0028132561006044086
step_015000,15000,clone_to_original,opposite-number-shuffled,object_relative,L11H0,dev_ranked,304,-0.001357429905941612
step_015000,15000,clone_to_original,opposite-number-shuffled,subject_relative,L8H3,pre_registered,288,0.042228890789879694
step_015000,15000,clone_to_original,opposite-number-shuffled,subject_relative,L10H2,dev_ranked,288,-0.006315014428562588
step_015000,15000,clone_to_original,opposite-number-shuffled,subject_relative,L9H0,dev_ranked,288,0.0015635771883858575
step_015000,15000,clone_to_original,opposite-number-shuffled,subject_relative,L11H7,dev_ranked,288,0.0030510094430711535
step_015000,15000,clone_to_original,opposite-number-shuffled,subject_relative,L8H0,dev_ranked,288,-0.0030832671456866795
step_015000,15000,clone_to_original,opposite-number-shuffled,subject_relative,L11H0,dev_ranked,288,-0.001251202490594652
step_030000,30000,original_to_original,opposite-number,pooled_distractor,L8H3,pre_registered,888,0.1516486374107567
step_030000,30000,original_to_original,opposite-number,pooled_distractor,L10H2,dev_ranked,888,-0.0008146666191719674
step_030000,30000,original_to_original,opposite-number,pooled_distractor,L9H0,dev_ranked,888,0.006940597886437768
step_030000,30000,original_to_original,opposite-number,pooled_distractor,L11H7,dev_ranked,888,0.0004772774808041684
step_030000,30000,original_to_original,opposite-number,pooled_distractor,L8H0,dev_ranked,888,0.14693172933819057
step_030000,30000,original_to_original,opposite-number,pooled_distractor,L11H0,dev_ranked,888,0.0050100823780437845
step_030000,30000,original_to_original,opposite-number,simple,L8H3,pre_registered,392,0.027468560909738347
step_030000,30000,original_to_original,opposite-number,simple,L10H2,dev_ranked,392,0.0008549933530846421
step_030000,30000,original_to_original,opposite-number,simple,L9H0,dev_ranked,392,0.005000656964827557
step_030000,30000,original_to_original,opposite-number,simple,L11H7,dev_ranked,392,0.004816196402724908
step_030000,30000,original_to_original,opposite-number,simple,L8H0,dev_ranked,392,-0.008304737052138971
step_030000,30000,original_to_original,opposite-number,simple,L11H0,dev_ranked,392,-0.006979117588121064
step_030000,30000,original_to_original,opposite-number,pp_attractor,L8H3,pre_registered,296,0.15564406884683146
step_030000,30000,original_to_original,opposite-number,pp_attractor,L10H2,dev_ranked,296,-0.0031779553439166093
step_030000,30000,original_to_original,opposite-number,pp_attractor,L9H0,dev_ranked,296,0.005088039346643396
step_030000,30000,original_to_original,opposite-number,pp_attractor,L11H7,dev_ranked,296,0.00253364846513078
step_030000,30000,original_to_original,opposite-number,pp_attractor,L8H0,dev_ranked,296,0.21030588891055133
step_030000,30000,original_to_original,opposite-number,pp_attractor,L11H0,dev_ranked,296,-0.00010124412742820946
step_030000,30000,original_to_original,opposite-number,object_relative,L8H3,pre_registered,304,0.17814561254099795
step_030000,30000,original_to_original,opposite-number,object_relative,L10H2,dev_ranked,304,0.0022799827550586903
step_030000,30000,original_to_original,opposite-number,object_relative,L9H0,dev_ranked,304,0.0030739699539385342
step_030000,30000,original_to_original,opposite-number,object_relative,L11H7,dev_ranked,304,-0.0008401698187777871
step_030000,30000,original_to_original,opposite-number,object_relative,L8H0,dev_ranked,304,0.08184715007480822
step_030000,30000,original_to_original,opposite-number,object_relative,L11H0,dev_ranked,304,0.006235660691010325
step_030000,30000,original_to_original,opposite-number,subject_relative,L8H3,pre_registered,288,0.11957319246398078
step_030000,30000,original_to_original,opposite-number,subject_relative,L10H2,dev_ranked,288,-0.0016523053248723347
step_030000,30000,original_to_original,opposite-number,subject_relative,L9H0,dev_ranked,288,0.012926056981086731
step_030000,30000,original_to_original,opposite-number,subject_relative,L11H7,dev_ranked,288,-0.00024557610352834064
step_030000,30000,original_to_original,opposite-number,subject_relative,L8H0,dev_ranked,288,0.1504975656668345
step_030000,30000,original_to_original,opposite-number,subject_relative,L11H0,dev_ranked,288,0.008969724178314209
step_030000,30000,original_to_original,opposite-number-shuffled,pooled_distractor,L8H3,pre_registered,888,0.15055989413648038
step_030000,30000,original_to_original,opposite-number-shuffled,pooled_distractor,L10H2,dev_ranked,888,0.001459353678935283
step_030000,30000,original_to_original,opposite-number-shuffled,pooled_distractor,L9H0,dev_ranked,888,0.006288925269702534
step_030000,30000,original_to_original,opposite-number-shuffled,pooled_distractor,L11H7,dev_ranked,888,0.0037514884192664344
step_030000,30000,original_to_original,opposite-number-shuffled,pooled_distractor,L8H0,dev_ranked,888,0.1499996609515972
step_030000,30000,original_to_original,opposite-number-shuffled,pooled_distractor,L11H0,dev_ranked,888,0.007621071897111497
step_030000,30000,original_to_original,opposite-number-shuffled,simple,L8H3,pre_registered,392,0.027121421025723826
step_030000,30000,original_to_original,opposite-number-shuffled,simple,L10H2,dev_ranked,392,0.000916006613750847
step_030000,30000,original_to_original,opposite-number-shuffled,simple,L9H0,dev_ranked,392,0.00623197214944022
step_030000,30000,original_to_original,opposite-number-shuffled,simple,L11H7,dev_ranked,392,0.005965217035643908
step_030000,30000,original_to_original,opposite-number-shuffled,simple,L8H0,dev_ranked,392,-0.0075787390981401715
step_030000,30000,original_to_original,opposite-number-shuffled,simple,L11H0,dev_ranked,392,-0.007113273046454605
step_030000,30000,original_to_original,opposite-number-shuffled,pp_attractor,L8H3,pre_registered,296,0.1590774300936106
step_030000,30000,original_to_original,opposite-number-shuffled,pp_attractor,L10H2,dev_ranked,296,0.002364630634720261
step_030000,30000,original_to_original,opposite-number-shuffled,pp_attractor,L9H0,dev_ranked,296,0.005571201040938094
step_030000,30000,original_to_original,opposite-number-shuffled,pp_attractor,L11H7,dev_ranked,296,0.0057486440684344315
step_030000,30000,original_to_original,opposite-number-shuffled,pp_attractor,L8H0,dev_ranked,296,0.20460980486225439
step_030000,30000,original_to_original,opposite-number-shuffled,pp_attractor,L11H0,dev_ranked,296,0.004206644522177207
step_030000,30000,original_to_original,opposite-number-shuffled,object_relative,L8H3,pre_registered,304,0.17777648411299052
step_030000,30000,original_to_original,opposite-number-shuffled,object_relative,L10H2,dev_ranked,304,0.004449642018267983
step_030000,30000,original_to_original,opposite-number-shuffled,object_relative,L9H0,dev_ranked,304,0.0026289303051797966
step_030000,30000,original_to_original,opposite-number-shuffled,object_relative,L11H7,dev_ranked,304,-0.0018478475118938245
step_030000,30000,original_to_original,opposite-number-shuffled,object_relative,L8H0,dev_ranked,304,0.08297099878913478
step_030000,30000,original_to_original,opposite-number-shuffled,object_relative,L11H0,dev_ranked,304,0.007023202745538009
step_030000,30000,original_to_original,opposite-number-shuffled,subject_relative,L8H3,pre_registered,288,0.11307713720533583
step_030000,30000,original_to_original,opposite-number-shuffled,subject_relative,L10H2,dev_ranked,288,-0.0026274853282504613
step_030000,30000,original_to_original,opposite-number-shuffled,subject_relative,L9H0,dev_ranked,288,0.010889914300706651
step_030000,30000,original_to_original,opposite-number-shuffled,subject_relative,L11H7,dev_ranked,288,0.007609266373846266
step_030000,30000,original_to_original,opposite-number-shuffled,subject_relative,L8H0,dev_ranked,288,0.16462504532602099
step_030000,30000,original_to_original,opposite-number-shuffled,subject_relative,L11H0,dev_ranked,288,0.011761428581343757
step_030000,30000,clone_to_clone,opposite-number,pooled_distractor,L8H3,pre_registered,888,0.45546566956752055
step_030000,30000,clone_to_clone,opposite-number,pooled_distractor,L10H2,dev_ranked,888,0.021254475052292283
step_030000,30000,clone_to_clone,opposite-number,pooled_distractor,L9H0,dev_ranked,888,0.0945123595160407
step_030000,30000,clone_to_clone,opposite-number,pooled_distractor,L11H7,dev_ranked,888,-0.001849290486928579
step_030000,30000,clone_to_clone,opposite-number,pooled_distractor,L8H0,dev_ranked,888,-0.0013276032499364905
step_030000,30000,clone_to_clone,opposite-number,pooled_distractor,L11H0,dev_ranked,888,-0.002099681007969487
step_030000,30000,clone_to_clone,opposite-number,simple,L8H3,pre_registered,392,0.21894704322425687
step_030000,30000,clone_to_clone,opposite-number,simple,L10H2,dev_ranked,392,0.025631467906796202
step_030000,30000,clone_to_clone,opposite-number,simple,L9H0,dev_ranked,392,0.0034717990427601095
step_030000,30000,clone_to_clone,opposite-number,simple,L11H7,dev_ranked,392,0.007880837333445646
step_030000,30000,clone_to_clone,opposite-number,simple,L8H0,dev_ranked,392,0.0007504808659456214
step_030000,30000,clone_to_clone,opposite-number,simple,L11H0,dev_ranked,392,0.002975237612821618
step_030000,30000,clone_to_clone,opposite-number,pp_attractor,L8H3,pre_registered,296,0.5916611681113372
step_030000,30000,clone_to_clone,opposite-number,pp_attractor,L10H2,dev_ranked,296,0.026938758991860056
step_030000,30000,clone_to_clone,opposite-number,pp_attractor,L9H0,dev_ranked,296,0.08169150191384393
step_030000,30000,clone_to_clone,opposite-number,pp_attractor,L11H7,dev_ranked,296,-0.00014176400932105812
step_030000,30000,clone_to_clone,opposite-number,pp_attractor,L8H0,dev_ranked,296,0.003227789659757872
step_030000,30000,clone_to_clone,opposite-number,pp_attractor,L11H0,dev_ranked,296,-0.0028522385133279335
step_030000,30000,clone_to_clone,opposite-number,object_relative,L8H3,pre_registered,304,0.32178015614810745
step_030000,30000,clone_to_clone,opposite-number,object_relative,L10H2,dev_ranked,304,0.01622998400738365
step_030000,30000,clone_to_clone,opposite-number,object_relative,L9H0,dev_ranked,304,0.15314467800290962
step_030000,30000,clone_to_clone,opposite-number,object_relative,L11H7,dev_ranked,304,-0.002602241541209974
step_030000,30000,clone_to_clone,opposite-number,object_relative,L8H0,dev_ranked,304,-0.005206901776163201
step_030000,30000,clone_to_clone,opposite-number,object_relative,L11H0,dev_ranked,304,-0.0009915452254445928
step_030000,30000,clone_to_clone,opposite-number,subject_relative,L8H3,pre_registered,288,0.4565994491179784
step_030000,30000,clone_to_clone,opposite-number,subject_relative,L10H2,dev_ranked,288,0.020715923772917852
step_030000,30000,clone_to_clone,opposite-number,subject_relative,L9H0,dev_ranked,288,0.04579968253771464
step_030000,30000,clone_to_clone,opposite-number,subject_relative,L11H7,dev_ranked,288,-0.0028094665871726144
step_030000,30000,clone_to_clone,opposite-number,subject_relative,L8H0,dev_ranked,288,-0.0019147197405497234
step_030000,30000,clone_to_clone,opposite-number,subject_relative,L11H0,dev_ranked,288,-0.002495918009016249
step_030000,30000,clone_to_clone,opposite-number-shuffled,pooled_distractor,L8H3,pre_registered,888,0.4433143117406347
step_030000,30000,clone_to_clone,opposite-number-shuffled,pooled_distractor,L10H2,dev_ranked,888,0.022967651620641485
step_030000,30000,clone_to_clone,opposite-number-shuffled,pooled_distractor,L9H0,dev_ranked,888,0.0975965486990439
step_030000,30000,clone_to_clone,opposite-number-shuffled,pooled_distractor,L11H7,dev_ranked,888,-0.0017639522079948907
step_030000,30000,clone_to_clone,opposite-number-shuffled,pooled_distractor,L8H0,dev_ranked,888,0.0012960369522507127
step_030000,30000,clone_to_clone,opposite-number-shuffled,pooled_distractor,L11H0,dev_ranked,888,-0.0016765197118123372
step_030000,30000,clone_to_clone,opposite-number-shuffled,simple,L8H3,pre_registered,392,0.21944222036673097
step_030000,30000,clone_to_clone,opposite-number-shuffled,simple,L10H2,dev_ranked,392,0.032454435922661604
step_030000,30000,clone_to_clone,opposite-number-shuffled,simple,L9H0,dev_ranked,392,0.005302476639650306
step_030000,30000,clone_to_clone,opposite-number-shuffled,simple,L11H7,dev_ranked,392,0.007592010254762611
step_030000,30000,clone_to_clone,opposite-number-shuffled,simple,L8H0,dev_ranked,392,0.006120794889878253
step_030000,30000,clone_to_clone,opposite-number-shuffled,simple,L11H0,dev_ranked,392,0.005052002108826929
step_030000,30000,clone_to_clone,opposite-number-shuffled,pp_attractor,L8H3,pre_registered,296,0.5597916052148149
step_030000,30000,clone_to_clone,opposite-number-shuffled,pp_attractor,L10H2,dev_ranked,296,0.025182356705536712
step_030000,30000,clone_to_clone,opposite-number-shuffled,pp_attractor,L9H0,dev_ranked,296,0.09356158971786499
step_030000,30000,clone_to_clone,opposite-number-shuffled,pp_attractor,L11H7,dev_ranked,296,0.00151288670462531
step_030000,30000,clone_to_clone,opposite-number-shuffled,pp_attractor,L8H0,dev_ranked,296,0.006005184070484058
step_030000,30000,clone_to_clone,opposite-number-shuffled,pp_attractor,L11H0,dev_ranked,296,-0.0019745585080739613
step_030000,30000,clone_to_clone,opposite-number-shuffled,object_relative,L8H3,pre_registered,304,0.3281753941586143
step_030000,30000,clone_to_clone,opposite-number-shuffled,object_relative,L10H2,dev_ranked,304,0.02115079603697124
step_030000,30000,clone_to_clone,opposite-number-shuffled,object_relative,L9H0,dev_ranked,304,0.1477802364449752
step_030000,30000,clone_to_clone,opposite-number-shuffled,object_relative,L11H7,dev_ranked,304,-0.0021601068346123946
step_030000,30000,clone_to_clone,opposite-number-shuffled,object_relative,L8H0,dev_ranked,304,-0.002521952516154239
step_030000,30000,clone_to_clone,opposite-number-shuffled,object_relative,L11H0,dev_ranked,304,-0.0010279432723396703
step_030000,30000,clone_to_clone,opposite-number-shuffled,subject_relative,L8H3,pre_registered,288,0.44513706200652653
step_030000,30000,clone_to_clone,opposite-number-shuffled,subject_relative,L10H2,dev_ranked,288,0.022609218955039978
step_030000,30000,clone_to_clone,opposite-number-shuffled,subject_relative,L9H0,dev_ranked,288,0.04877191947566138
step_030000,30000,clone_to_clone,opposite-number-shuffled,subject_relative,L11H7,dev_ranked,288,-0.004713651206758287
step_030000,30000,clone_to_clone,opposite-number-shuffled,subject_relative,L8H0,dev_ranked,288,0.0004861801862716675
step_030000,30000,clone_to_clone,opposite-number-shuffled,subject_relative,L11H0,dev_ranked,288,-0.0020548105239868164
step_030000,30000,original_to_clone,opposite-number,pooled_distractor,L8H3,pre_registered,888,0.02914267617302972
step_030000,30000,original_to_clone,opposite-number,pooled_distractor,L10H2,dev_ranked,888,0.005134420351939158
step_030000,30000,original_to_clone,opposite-number,pooled_distractor,L9H0,dev_ranked,888,0.012060647612219458
step_030000,30000,original_to_clone,opposite-number,pooled_distractor,L11H7,dev_ranked,888,0.001212287593532253
step_030000,30000,original_to_clone,opposite-number,pooled_distractor,L8H0,dev_ranked,888,0.024024016685314006
step_030000,30000,original_to_clone,opposite-number,pooled_distractor,L11H0,dev_ranked,888,0.0035245504465189065
step_030000,30000,original_to_clone,opposite-number,simple,L8H3,pre_registered,392,0.014717300327456728
step_030000,30000,original_to_clone,opposite-number,simple,L10H2,dev_ranked,392,0.004961988147424191
step_030000,30000,original_to_clone,opposite-number,simple,L9H0,dev_ranked,392,-0.005780272337855125
step_030000,30000,original_to_clone,opposite-number,simple,L11H7,dev_ranked,392,0.006790782724108014
step_030000,30000,original_to_clone,opposite-number,simple,L8H0,dev_ranked,392,-0.00017799284993385783
step_030000,30000,original_to_clone,opposite-number,simple,L11H0,dev_ranked,392,0.0008245195661272321
step_030000,30000,original_to_clone,opposite-number,pp_attractor,L8H3,pre_registered,296,0.024895647087612667
step_030000,30000,original_to_clone,opposite-number,pp_attractor,L10H2,dev_ranked,296,0.007087799342902931
step_030000,30000,original_to_clone,opposite-number,pp_attractor,L9H0,dev_ranked,296,0.000460218738865208
step_030000,30000,original_to_clone,opposite-number,pp_attractor,L11H7,dev_ranked,296,0.004380833458256077
step_030000,30000,original_to_clone,opposite-number,pp_attractor,L8H0,dev_ranked,296,0.026806483397612702
step_030000,30000,original_to_clone,opposite-number,pp_attractor,L11H0,dev_ranked,296,0.004251993991233207
step_030000,30000,original_to_clone,opposite-number,object_relative,L8H3,pre_registered,304,0.03169626781814977
step_030000,30000,original_to_clone,opposite-number,object_relative,L10H2,dev_ranked,304,0.005333327933361656
step_030000,30000,original_to_clone,opposite-number,object_relative,L9H0,dev_ranked,304,0.007704642258192364
step_030000,30000,original_to_clone,opposite-number,object_relative,L11H7,dev_ranked,304,-0.0006977115806780363
step_030000,30000,original_to_clone,opposite-number,object_relative,L8H0,dev_ranked,304,0.00853719523078517
step_030000,30000,original_to_clone,opposite-number,object_relative,L11H0,dev_ranked,304,0.002063944151527003
step_030000,30000,original_to_clone,opposite-number,subject_relative,L8H3,pre_registered,288,0.030812220440970525
step_030000,30000,original_to_clone,opposite-number,subject_relative,L10H2,dev_ranked,288,0.002916822830835978
step_030000,30000,original_to_clone,opposite-number,subject_relative,L9H0,dev_ranked,288,0.028581316272417705
step_030000,30000,original_to_clone,opposite-number,subject_relative,L11H7,dev_ranked,288,-2.816319465637207e-05
step_030000,30000,original_to_clone,opposite-number,subject_relative,L8H0,dev_ranked,288,0.0375114596552319
step_030000,30000,original_to_clone,opposite-number,subject_relative,L11H0,dev_ranked,288,0.004318651225831773
step_030000,30000,original_to_clone,opposite-number-shuffled,pooled_distractor,L8H3,pre_registered,888,0.029400357254990586
step_030000,30000,original_to_clone,opposite-number-shuffled,pooled_distractor,L10H2,dev_ranked,888,0.005190651696007531
step_030000,30000,original_to_clone,opposite-number-shuffled,pooled_distractor,L9H0,dev_ranked,888,0.014048053337647035
step_030000,30000,original_to_clone,opposite-number-shuffled,pooled_distractor,L11H7,dev_ranked,888,-0.0023825850572671975
step_030000,30000,original_to_clone,opposite-number-shuffled,pooled_distractor,L8H0,dev_ranked,888,0.027992427349090576
step_030000,30000,original_to_clone,opposite-number-shuffled,pooled_distractor,L11H0,dev_ranked,888,0.0015015623590967676
step_030000,30000,original_to_clone,opposite-number-shuffled,simple,L8H3,pre_registered,392,0.015215294701712472
step_030000,30000,original_to_clone,opposite-number-shuffled,simple,L10H2,dev_ranked,392,0.005463134269325101
step_030000,30000,original_to_clone,opposite-number-shuffled,simple,L9H0,dev_ranked,392,-0.005327249059871752
step_030000,30000,original_to_clone,opposite-number-shuffled,simple,L11H7,dev_ranked,392,0.006099880958090023
step_030000,30000,original_to_clone,opposite-number-shuffled,simple,L8H0,dev_ranked,392,0.0012886876962622817
step_030000,30000,original_to_clone,opposite-number-shuffled,simple,L11H0,dev_ranked,392,0.0016205237836253886
step_030000,30000,original_to_clone,opposite-number-shuffled,pp_attractor,L8H3,pre_registered,296,0.025473833084106445
step_030000,30000,original_to_clone,opposite-number-shuffled,pp_attractor,L10H2,dev_ranked,296,0.0067918332847389015
step_030000,30000,original_to_clone,opposite-number-shuffled,pp_attractor,L9H0,dev_ranked,296,0.0016918311247954498
step_030000,30000,original_to_clone,opposite-number-shuffled,pp_attractor,L11H7,dev_ranked,296,-0.003975251236477414
step_030000,30000,original_to_clone,opposite-number-shuffled,pp_attractor,L8H0,dev_ranked,296,0.031765932972366746
step_030000,30000,original_to_clone,opposite-number-shuffled,pp_attractor,L11H0,dev_ranked,296,0.0023736695985536317
step_030000,30000,original_to_clone,opposite-number-shuffled,object_relative,L8H3,pre_registered,304,0.0343393652062667
step_030000,30000,original_to_clone,opposite-number-shuffled,object_relative,L10H2,dev_ranked,304,0.005697065278103477
step_030000,30000,original_to_clone,opposite-number-shuffled,object_relative,L9H0,dev_ranked,304,0.007945303854189421
step_030000,30000,original_to_clone,opposite-number-shuffled,object_relative,L11H7,dev_ranked,304,-0.000272501456110101
step_030000,30000,original_to_clone,opposite-number-shuffled,object_relative,L8H0,dev_ranked,304,0.009876957065180728
step_030000,30000,original_to_clone,opposite-number-shuffled,object_relative,L11H0,dev_ranked,304,0.002630763932278282
step_030000,30000,original_to_clone,opposite-number-shuffled,subject_relative,L8H3,pre_registered,288,0.02822255425983005
step_030000,30000,original_to_clone,opposite-number-shuffled,subject_relative,L10H2,dev_ranked,288,0.003010445170932346
step_030000,30000,original_to_clone,opposite-number-shuffled,subject_relative,L9H0,dev_ranked,288,0.033189295066727534
step_030000,30000,original_to_clone,opposite-number-shuffled,subject_relative,L11H7,dev_ranked,288,-0.002972988618744744
step_030000,30000,original_to_clone,opposite-number-shuffled,subject_relative,L8H0,dev_ranked,288,0.043235987424850464
step_030000,30000,original_to_clone,opposite-number-shuffled,subject_relative,L11H0,dev_ranked,288,-0.0005867050753699408
step_030000,30000,clone_to_original,opposite-number,pooled_distractor,L8H3,pre_registered,888,0.15647469984518514
step_030000,30000,clone_to_original,opposite-number,pooled_distractor,L10H2,dev_ranked,888,0.008279536221478437
step_030000,30000,clone_to_original,opposite-number,pooled_distractor,L9H0,dev_ranked,888,0.004465179937379854
step_030000,30000,clone_to_original,opposite-number,pooled_distractor,L11H7,dev_ranked,888,0.004453368552096255
step_030000,30000,clone_to_original,opposite-number,pooled_distractor,L8H0,dev_ranked,888,0.0045345946475192234
step_030000,30000,clone_to_original,opposite-number,pooled_distractor,L11H0,dev_ranked,888,-0.004415383210053315
step_030000,30000,clone_to_original,opposite-number,simple,L8H3,pre_registered,392,0.04559765664898619
step_030000,30000,clone_to_original,opposite-number,simple,L10H2,dev_ranked,392,0.0022972286963949397
step_030000,30000,clone_to_original,opposite-number,simple,L9H0,dev_ranked,392,-0.0006150384338534608
step_030000,30000,clone_to_original,opposite-number,simple,L11H7,dev_ranked,392,0.013854813819028894
step_030000,30000,clone_to_original,opposite-number,simple,L8H0,dev_ranked,392,0.009651601314544678
step_030000,30000,clone_to_original,opposite-number,simple,L11H0,dev_ranked,392,0.007572967178967534
step_030000,30000,clone_to_original,opposite-number,pp_attractor,L8H3,pre_registered,296,0.17724585855329358
step_030000,30000,clone_to_original,opposite-number,pp_attractor,L10H2,dev_ranked,296,0.007051938288920635
step_030000,30000,clone_to_original,opposite-number,pp_attractor,L9H0,dev_ranked,296,0.004451415023288211
step_030000,30000,clone_to_original,opposite-number,pp_attractor,L11H7,dev_ranked,296,0.007290084619779844
step_030000,30000,clone_to_original,opposite-number,pp_attractor,L8H0,dev_ranked,296,0.005875357099481531
step_030000,30000,clone_to_original,opposite-number,pp_attractor,L11H0,dev_ranked,296,-0.003934877949791985
step_030000,30000,clone_to_original,opposite-number,object_relative,L8H3,pre_registered,304,0.12654678915676318
step_030000,30000,clone_to_original,opposite-number,object_relative,L10H2,dev_ranked,304,0.012244823731874166
step_030000,30000,clone_to_original,opposite-number,object_relative,L9H0,dev_ranked,304,0.0035980186964336192
step_030000,30000,clone_to_original,opposite-number,object_relative,L11H7,dev_ranked,304,0.004567130615836696
step_030000,30000,clone_to_original,opposite-number,object_relative,L8H0,dev_ranked,304,0.0021423556302723134
step_030000,30000,clone_to_original,opposite-number,object_relative,L11H0,dev_ranked,304,-0.003327466939624987
step_030000,30000,clone_to_original,opposite-number,subject_relative,L8H3,pre_registered,288,0.16671713689963022
step_030000,30000,clone_to_original,opposite-number,subject_relative,L10H2,dev_ranked,288,0.005355652835634019
step_030000,30000,clone_to_original,opposite-number,subject_relative,L9H0,dev_ranked,288,0.005394664075639512
step_030000,30000,clone_to_original,opposite-number,subject_relative,L11H7,dev_ranked,288,0.0014177726374732123
step_030000,30000,clone_to_original,opposite-number,subject_relative,L8H0,dev_ranked,288,0.0056817299789852565
step_030000,30000,clone_to_original,opposite-number,subject_relative,L11H0,dev_ranked,288,-0.006057591901885139
step_030000,30000,clone_to_original,opposite-number-shuffled,pooled_distractor,L8H3,pre_registered,888,0.15659298875310398
step_030000,30000,clone_to_original,opposite-number-shuffled,pooled_distractor,L10H2,dev_ranked,888,0.009294006738576803
step_030000,30000,clone_to_original,opposite-number-shuffled,pooled_distractor,L9H0,dev_ranked,888,0.005444812345075178
step_030000,30000,clone_to_original,opposite-number-shuffled,pooled_distractor,L11H7,dev_ranked,888,0.005256202306833353
step_030000,30000,clone_to_original,opposite-number-shuffled,pooled_distractor,L8H0,dev_ranked,888,0.001049536842483658
step_030000,30000,clone_to_original,opposite-number-shuffled,pooled_distractor,L11H0,dev_ranked,888,-0.004570039005966874
step_030000,30000,clone_to_original,opposite-number-shuffled,simple,L8H3,pre_registered,392,0.043771255989463964
step_030000,30000,clone_to_original,opposite-number-shuffled,simple,L10H2,dev_ranked,392,0.006463747851702632
step_030000,30000,clone_to_original,opposite-number-shuffled,simple,L9H0,dev_ranked,392,-0.003558523800908303
step_030000,30000,clone_to_original,opposite-number-shuffled,simple,L11H7,dev_ranked,392,0.012405935598879444
step_030000,30000,clone_to_original,opposite-number-shuffled,simple,L8H0,dev_ranked,392,0.017824761721552635
step_030000,30000,clone_to_original,opposite-number-shuffled,simple,L11H0,dev_ranked,392,0.009398685426128154
step_030000,30000,clone_to_original,opposite-number-shuffled,pp_attractor,L8H3,pre_registered,296,0.1677476377100558
step_030000,30000,clone_to_original,opposite-number-shuffled,pp_attractor,L10H2,dev_ranked,296,0.009270316845661885
step_030000,30000,clone_to_original,opposite-number-shuffled,pp_attractor,L9H0,dev_ranked,296,0.004631825395532556
step_030000,30000,clone_to_original,opposite-number-shuffled,pp_attractor,L11H7,dev_ranked,296,0.010761879585884713
step_030000,30000,clone_to_original,opposite-number-shuffled,pp_attractor,L8H0,dev_ranked,296,0.004969941603170859
step_030000,30000,clone_to_original,opposite-number-shuffled,pp_attractor,L11H0,dev_ranked,296,-0.003927752778336809
step_030000,30000,clone_to_original,opposite-number-shuffled,object_relative,L8H3,pre_registered,304,0.13416002141801933
step_030000,30000,clone_to_original,opposite-number-shuffled,object_relative,L10H2,dev_ranked,304,0.013333347282911601
step_030000,30000,clone_to_original,opposite-number-shuffled,object_relative,L9H0,dev_ranked,304,0.001232857766904329
step_030000,30000,clone_to_original,opposite-number-shuffled,object_relative,L11H7,dev_ranked,304,0.0010479861184170371
step_030000,30000,clone_to_original,opposite-number-shuffled,object_relative,L8H0,dev_ranked,304,0.002327410798323782
step_030000,30000,clone_to_original,opposite-number-shuffled,object_relative,L11H0,dev_ranked,304,-0.003533187665437397
step_030000,30000,clone_to_original,opposite-number-shuffled,subject_relative,L8H3,pre_registered,288,0.1688077317343818
step_030000,30000,clone_to_original,opposite-number-shuffled,subject_relative,L10H2,dev_ranked,288,0.005054606331719292
step_030000,30000,clone_to_original,opposite-number-shuffled,subject_relative,L9H0,dev_ranked,288,0.010726334320174323
step_030000,30000,clone_to_original,opposite-number-shuffled,subject_relative,L11H7,dev_ranked,288,0.004039595524470012
step_030000,30000,clone_to_original,opposite-number-shuffled,subject_relative,L8H0,dev_ranked,288,-0.004328635003831651
step_030000,30000,clone_to_original,opposite-number-shuffled,subject_relative,L11H0,dev_ranked,288,-0.006324620710478889
step_050000,50000,original_to_original,opposite-number,pooled_distractor,L8H3,pre_registered,888,0.5474656541068275
step_050000,50000,original_to_original,opposite-number,pooled_distractor,L10H2,dev_ranked,888,0.003783263601698317
step_050000,50000,original_to_original,opposite-number,pooled_distractor,L9H0,dev_ranked,888,0.011759381036500673
step_050000,50000,original_to_original,opposite-number,pooled_distractor,L11H7,dev_ranked,888,-0.0010765415054183821
step_050000,50000,original_to_original,opposite-number,pooled_distractor,L8H0,dev_ranked,888,0.18699487748446766
step_050000,50000,original_to_original,opposite-number,pooled_distractor,L11H0,dev_ranked,888,0.00661912963197038
step_050000,50000,original_to_original,opposite-number,simple,L8H3,pre_registered,392,0.1072724741332385
step_050000,50000,original_to_original,opposite-number,simple,L10H2,dev_ranked,392,0.003668614796229771
step_050000,50000,original_to_original,opposite-number,simple,L9H0,dev_ranked,392,0.0015180548843072386
step_050000,50000,original_to_original,opposite-number,simple,L11H7,dev_ranked,392,-0.0038837072800616827
step_050000,50000,original_to_original,opposite-number,simple,L8H0,dev_ranked,392,-0.006367246715389952
step_050000,50000,original_to_original,opposite-number,simple,L11H0,dev_ranked,392,-0.0020699999770339653
step_050000,50000,original_to_original,opposite-number,pp_attractor,L8H3,pre_registered,296,0.6428746419983942
step_050000,50000,original_to_original,opposite-number,pp_attractor,L10H2,dev_ranked,296,0.003320853452424745
step_050000,50000,original_to_original,opposite-number,pp_attractor,L9H0,dev_ranked,296,0.006163447289853482
step_050000,50000,original_to_original,opposite-number,pp_attractor,L11H7,dev_ranked,296,-0.0021007769816630594
step_050000,50000,original_to_original,opposite-number,pp_attractor,L8H0,dev_ranked,296,0.1736201370084608
step_050000,50000,original_to_original,opposite-number,pp_attractor,L11H0,dev_ranked,296,0.004356777345811999
step_050000,50000,original_to_original,opposite-number,object_relative,L8H3,pre_registered,304,0.42695574383986623
step_050000,50000,original_to_original,opposite-number,object_relative,L10H2,dev_ranked,304,0.009346747084667808
step_050000,50000,original_to_original,opposite-number,object_relative,L9H0,dev_ranked,304,0.007030087082009567
step_050000,50000,original_to_original,opposite-number,object_relative,L11H7,dev_ranked,304,-0.0030438476487209924
step_050000,50000,original_to_original,opposite-number,object_relative,L8H0,dev_ranked,304,0.14434617444088585
step_050000,50000,original_to_original,opposite-number,object_relative,L11H0,dev_ranked,304,0.006259115118729441
step_050000,50000,original_to_original,opposite-number,subject_relative,L8H3,pre_registered,288,0.5766113218333986
step_050000,50000,original_to_original,opposite-number,subject_relative,L10H2,dev_ranked,288,-0.0016140474213494195
step_050000,50000,original_to_original,opposite-number,subject_relative,L9H0,dev_ranked,288,0.022502789894739788
step_050000,50000,original_to_original,opposite-number,subject_relative,L11H7,dev_ranked,288,0.00205274588531918
step_050000,50000,original_to_original,opposite-number,subject_relative,L8H0,dev_ranked,288,0.24575921396414438
step_050000,50000,original_to_original,opposite-number,subject_relative,L11H0,dev_ranked,288,0.009324340356720818
step_050000,50000,original_to_original,opposite-number-shuffled,pooled_distractor,L8H3,pre_registered,888,0.5464223070187612
step_050000,50000,original_to_original,opposite-number-shuffled,pooled_distractor,L10H2,dev_ranked,888,0.004164156076070425
step_050000,50000,original_to_original,opposite-number-shuffled,pooled_distractor,L9H0,dev_ranked,888,0.01338015859191482
step_050000,50000,original_to_original,opposite-number-shuffled,pooled_distractor,L11H7,dev_ranked,888,0.0017331731212031733
step_050000,50000,original_to_original,opposite-number-shuffled,pooled_distractor,L8H0,dev_ranked,888,0.18426933374490823
step_050000,50000,original_to_original,opposite-number-shuffled,pooled_distractor,L11H0,dev_ranked,888,0.00668820013871064
step_050000,50000,original_to_original,opposite-number-shuffled,simple,L8H3,pre_registered,392,0.10805299330730828
step_050000,50000,original_to_original,opposite-number-shuffled,simple,L10H2,dev_ranked,392,0.004307521849262471
step_050000,50000,original_to_original,opposite-number-shuffled,simple,L9H0,dev_ranked,392,0.0013753114914407535
step_050000,50000,original_to_original,opposite-number-shuffled,simple,L11H7,dev_ranked,392,0.0002499952608225297
step_050000,50000,original_to_original,opposite-number-shuffled,simple,L8H0,dev_ranked,392,-0.0017290078863805654
step_050000,50000,original_to_original,opposite-number-shuffled,simple,L11H0,dev_ranked,392,-0.0018964458485038914
step_050000,50000,original_to_original,opposite-number-shuffled,pp_attractor,L8H3,pre_registered,296,0.6634891339250513
step_050000,50000,original_to_original,opposite-number-shuffled,pp_attractor,L10H2,dev_ranked,296,0.006500923955762708
step_050000,50000,original_to_original,opposite-number-shuffled,pp_attractor,L9H0,dev_ranked,296,0.008371050293381149
step_050000,50000,original_to_original,opposite-number-shuffled,pp_attractor,L11H7,dev_ranked,296,0.0004669798387063516
step_050000,50000,original_to_original,opposite-number-shuffled,pp_attractor,L8H0,dev_ranked,296,0.16487058433326515
step_050000,50000,original_to_original,opposite-number-shuffled,pp_attractor,L11H0,dev_ranked,296,0.007405388999629665
step_050000,50000,original_to_original,opposite-number-shuffled,object_relative,L8H3,pre_registered,304,0.4233933091163635
step_050000,50000,original_to_original,opposite-number-shuffled,object_relative,L10H2,dev_ranked,304,0.008634396289524279
step_050000,50000,original_to_original,opposite-number-shuffled,object_relative,L9H0,dev_ranked,304,0.008997307011955663
step_050000,50000,original_to_original,opposite-number-shuffled,object_relative,L11H7,dev_ranked,304,-0.0012749433517456055
step_050000,50000,original_to_original,opposite-number-shuffled,object_relative,L8H0,dev_ranked,304,0.137952280671973
step_050000,50000,original_to_original,opposite-number-shuffled,object_relative,L11H0,dev_ranked,304,0.0034024856592479503
step_050000,50000,original_to_original,opposite-number-shuffled,subject_relative,L8H3,pre_registered,288,0.5559675660398271
step_050000,50000,original_to_original,opposite-number-shuffled,subject_relative,L10H2,dev_ranked,288,-0.002956108914481269
step_050000,50000,original_to_original,opposite-number-shuffled,subject_relative,L9H0,dev_ranked,288,0.023154752122031316
step_050000,50000,original_to_original,opposite-number-shuffled,subject_relative,L11H7,dev_ranked,288,0.006209772494104173
step_050000,50000,original_to_original,opposite-number-shuffled,subject_relative,L8H0,dev_ranked,288,0.25309715999497306
step_050000,50000,original_to_original,opposite-number-shuffled,subject_relative,L11H0,dev_ranked,288,0.009419343537754483
step_050000,50000,clone_to_clone,opposite-number,pooled_distractor,L8H3,pre_registered,888,0.427088129627812
step_050000,50000,clone_to_clone,opposite-number,pooled_distractor,L10H2,dev_ranked,888,0.01794167198576369
step_050000,50000,clone_to_clone,opposite-number,pooled_distractor,L9H0,dev_ranked,888,0.13561647861927478
step_050000,50000,clone_to_clone,opposite-number,pooled_distractor,L11H7,dev_ranked,888,-0.008385620675645434
step_050000,50000,clone_to_clone,opposite-number,pooled_distractor,L8H0,dev_ranked,888,0.017887322215346602
step_050000,50000,clone_to_clone,opposite-number,pooled_distractor,L11H0,dev_ranked,888,0.0028341047398678892
step_050000,50000,clone_to_clone,opposite-number,simple,L8H3,pre_registered,392,0.07814010308713329
step_050000,50000,clone_to_clone,opposite-number,simple,L10H2,dev_ranked,392,0.029461342461255133
step_050000,50000,clone_to_clone,opposite-number,simple,L9H0,dev_ranked,392,0.00944629615666915
step_050000,50000,clone_to_clone,opposite-number,simple,L11H7,dev_ranked,392,-0.0015634225339305643
step_050000,50000,clone_to_clone,opposite-number,simple,L8H0,dev_ranked,392,0.007538924411851533
step_050000,50000,clone_to_clone,opposite-number,simple,L11H0,dev_ranked,392,0.0076141503392433635
step_050000,50000,clone_to_clone,opposite-number,pp_attractor,L8H3,pre_registered,296,0.524719961591669
step_050000,50000,clone_to_clone,opposite-number,pp_attractor,L10H2,dev_ranked,296,0.016048004498352874
step_050000,50000,clone_to_clone,opposite-number,pp_attractor,L9H0,dev_ranked,296,0.08605447330990353
step_050000,50000,clone_to_clone,opposite-number,pp_attractor,L11H7,dev_ranked,296,-0.011114354069168502
step_050000,50000,clone_to_clone,opposite-number,pp_attractor,L8H0,dev_ranked,296,0.022812867486799084
step_050000,50000,clone_to_clone,opposite-number,pp_attractor,L11H0,dev_ranked,296,0.00292601456513276
step_050000,50000,clone_to_clone,opposite-number,object_relative,L8H3,pre_registered,304,0.3730699514087878
step_050000,50000,clone_to_clone,opposite-number,object_relative,L10H2,dev_ranked,304,0.021882057189941406
step_050000,50000,clone_to_clone,opposite-number,object_relative,L9H0,dev_ranked,304,0.2825617696109571
step_050000,50000,clone_to_clone,opposite-number,object_relative,L11H7,dev_ranked,304,-0.005701076043279548
step_050000,50000,clone_to_clone,opposite-number,object_relative,L8H0,dev_ranked,304,0.01628935650775307
step_050000,50000,clone_to_clone,opposite-number,object_relative,L11H0,dev_ranked,304,0.0025777503063804225
step_050000,50000,clone_to_clone,opposite-number,subject_relative,L8H3,pre_registered,288,0.38376349045170677
step_050000,50000,clone_to_clone,opposite-number,subject_relative,L10H2,dev_ranked,288,0.015728645854526095
step_050000,50000,clone_to_clone,opposite-number,subject_relative,L9H0,dev_ranked,288,0.03144628802935282
step_050000,50000,clone_to_clone,opposite-number,subject_relative,L11H7,dev_ranked,288,-0.008414775133132935
step_050000,50000,clone_to_clone,opposite-number,subject_relative,L8H0,dev_ranked,288,0.014511697822146945
step_050000,50000,clone_to_clone,opposite-number,subject_relative,L11H0,dev_ranked,288,0.003010238210360209
step_050000,50000,clone_to_clone,opposite-number-shuffled,pooled_distractor,L8H3,pre_registered,888,0.41206118974599754
step_050000,50000,clone_to_clone,opposite-number-shuffled,pooled_distractor,L10H2,dev_ranked,888,0.01837234776299279
step_050000,50000,clone_to_clone,opposite-number-shuffled,pooled_distractor,L9H0,dev_ranked,888,0.1427688706028569
step_050000,50000,clone_to_clone,opposite-number-shuffled,pooled_distractor,L11H7,dev_ranked,888,-0.008420173649315361
step_050000,50000,clone_to_clone,opposite-number-shuffled,pooled_distractor,L8H0,dev_ranked,888,0.02066237700952066
step_050000,50000,clone_to_clone,opposite-number-shuffled,pooled_distractor,L11H0,dev_ranked,888,0.0025917329229750074
step_050000,50000,clone_to_clone,opposite-number-shuffled,simple,L8H3,pre_registered,392,0.0763252997884945
step_050000,50000,clone_to_clone,opposite-number-shuffled,simple,L10H2,dev_ranked,392,0.03295370510646275
step_050000,50000,clone_to_clone,opposite-number-shuffled,simple,L9H0,dev_ranked,392,0.01679087293391325
step_050000,50000,clone_to_clone,opposite-number-shuffled,simple,L11H7,dev_ranked,392,0.00017532888723879444
step_050000,50000,clone_to_clone,opposite-number-shuffled,simple,L8H0,dev_ranked,392,0.013522763641513124
step_050000,50000,clone_to_clone,opposite-number-shuffled,simple,L11H0,dev_ranked,392,0.008023432322910853
step_050000,50000,clone_to_clone,opposite-number-shuffled,pp_attractor,L8H3,pre_registered,296,0.49939171687976736
step_050000,50000,clone_to_clone,opposite-number-shuffled,pp_attractor,L10H2,dev_ranked,296,0.01563061894597234
step_050000,50000,clone_to_clone,opposite-number-shuffled,pp_attractor,L9H0,dev_ranked,296,0.09171828708133183
step_050000,50000,clone_to_clone,opposite-number-shuffled,pp_attractor,L11H7,dev_ranked,296,-0.01020830386393779
step_050000,50000,clone_to_clone,opposite-number-shuffled,pp_attractor,L8H0,dev_ranked,296,0.030241808375796757
step_050000,50000,clone_to_clone,opposite-number-shuffled,pp_attractor,L11H0,dev_ranked,296,0.003057821376903637
step_050000,50000,clone_to_clone,opposite-number-shuffled,object_relative,L8H3,pre_registered,304,0.38075520019782216
step_050000,50000,clone_to_clone,opposite-number-shuffled,object_relative,L10H2,dev_ranked,304,0.021320568887810958
step_050000,50000,clone_to_clone,opposite-number-shuffled,object_relative,L9H0,dev_ranked,304,0.28549936884327937
step_050000,50000,clone_to_clone,opposite-number-shuffled,object_relative,L11H7,dev_ranked,304,-0.006249322703010158
step_050000,50000,clone_to_clone,opposite-number-shuffled,object_relative,L8H0,dev_ranked,304,0.015857705944462827
step_050000,50000,clone_to_clone,opposite-number-shuffled,object_relative,L11H0,dev_ranked,304,0.0028217042747296786
step_050000,50000,clone_to_clone,opposite-number-shuffled,subject_relative,L8H3,pre_registered,288,0.3553500258260303
step_050000,50000,clone_to_clone,opposite-number-shuffled,subject_relative,L10H2,dev_ranked,288,0.018078224526511297
step_050000,50000,clone_to_clone,opposite-number-shuffled,subject_relative,L9H0,dev_ranked,288,0.04457755552397834
step_050000,50000,clone_to_clone,opposite-number-shuffled,subject_relative,L11H7,dev_ranked,288,-0.008873826927608915
step_050000,50000,clone_to_clone,opposite-number-shuffled,subject_relative,L8H0,dev_ranked,288,0.015888447562853496
step_050000,50000,clone_to_clone,opposite-number-shuffled,subject_relative,L11H0,dev_ranked,288,0.0018699500295850965
step_050000,50000,original_to_clone,opposite-number,pooled_distractor,L8H3,pre_registered,888,0.07484734380567395
step_050000,50000,original_to_clone,opposite-number,pooled_distractor,L10H2,dev_ranked,888,0.009678578591561533
step_050000,50000,original_to_clone,opposite-number,pooled_distractor,L9H0,dev_ranked,888,0.01561417987754753
step_050000,50000,original_to_clone,opposite-number,pooled_distractor,L11H7,dev_ranked,888,-0.005534032980600993
step_050000,50000,original_to_clone,opposite-number,pooled_distractor,L8H0,dev_ranked,888,0.023638180784277013
step_050000,50000,original_to_clone,opposite-number,pooled_distractor,L11H0,dev_ranked,888,0.006037898965784021
step_050000,50000,original_to_clone,opposite-number,simple,L8H3,pre_registered,392,0.02791263132679219
step_050000,50000,original_to_clone,opposite-number,simple,L10H2,dev_ranked,392,0.009318918597941496
step_050000,50000,original_to_clone,opposite-number,simple,L9H0,dev_ranked,392,0.0006505579364543059
step_050000,50000,original_to_clone,opposite-number,simple,L11H7,dev_ranked,392,-0.0019583252011513225
step_050000,50000,original_to_clone,opposite-number,simple,L8H0,dev_ranked,392,-0.0017539968295973173
step_050000,50000,original_to_clone,opposite-number,simple,L11H0,dev_ranked,392,0.005923801538895587
step_050000,50000,original_to_clone,opposite-number,pp_attractor,L8H3,pre_registered,296,0.12955078240987417
step_050000,50000,original_to_clone,opposite-number,pp_attractor,L10H2,dev_ranked,296,0.011733673714302681
step_050000,50000,original_to_clone,opposite-number,pp_attractor,L9H0,dev_ranked,296,0.006301182347374993
step_050000,50000,original_to_clone,opposite-number,pp_attractor,L11H7,dev_ranked,296,-0.007143946918281349
step_050000,50000,original_to_clone,opposite-number,pp_attractor,L8H0,dev_ranked,296,0.03360694324648058
step_050000,50000,original_to_clone,opposite-number,pp_attractor,L11H0,dev_ranked,296,0.004564027528505068
step_050000,50000,original_to_clone,opposite-number,object_relative,L8H3,pre_registered,304,0.026299101741690385
step_050000,50000,original_to_clone,opposite-number,object_relative,L10H2,dev_ranked,304,0.012561142444610596
step_050000,50000,original_to_clone,opposite-number,object_relative,L9H0,dev_ranked,304,0.007411861105969078
step_050000,50000,original_to_clone,opposite-number,object_relative,L11H7,dev_ranked,304,-0.004528597781532689
step_050000,50000,original_to_clone,opposite-number,object_relative,L8H0,dev_ranked,304,0.012626066019660548
step_050000,50000,original_to_clone,opposite-number,object_relative,L11H0,dev_ranked,304,0.005916250379461991
step_050000,50000,original_to_clone,opposite-number,subject_relative,L8H3,pre_registered,288,0.06986973186333974
step_050000,50000,original_to_clone,opposite-number,subject_relative,L10H2,dev_ranked,288,0.004523691203859117
step_050000,50000,original_to_clone,opposite-number,subject_relative,L9H0,dev_ranked,288,0.03384387493133545
step_050000,50000,original_to_clone,opposite-number,subject_relative,L11H7,dev_ranked,288,-0.004940691921446059
step_050000,50000,original_to_clone,opposite-number,subject_relative,L8H0,dev_ranked,288,0.025016407171885174
step_050000,50000,original_to_clone,opposite-number,subject_relative,L11H0,dev_ranked,288,0.0076811181174384225
step_050000,50000,original_to_clone,opposite-number-shuffled,pooled_distractor,L8H3,pre_registered,888,0.07763885431461506
step_050000,50000,original_to_clone,opposite-number-shuffled,pooled_distractor,L10H2,dev_ranked,888,0.010742398532661231
step_050000,50000,original_to_clone,opposite-number-shuffled,pooled_distractor,L9H0,dev_ranked,888,0.019735682655025174
step_050000,50000,original_to_clone,opposite-number-shuffled,pooled_distractor,L11H7,dev_ranked,888,-0.006507434823491552
step_050000,50000,original_to_clone,opposite-number-shuffled,pooled_distractor,L8H0,dev_ranked,888,0.028140259755624307
step_050000,50000,original_to_clone,opposite-number-shuffled,pooled_distractor,L11H0,dev_ranked,888,0.00723010355287844
step_050000,50000,original_to_clone,opposite-number-shuffled,simple,L8H3,pre_registered,392,0.02881248143254494
step_050000,50000,original_to_clone,opposite-number-shuffled,simple,L10H2,dev_ranked,392,0.011141365888167401
step_050000,50000,original_to_clone,opposite-number-shuffled,simple,L9H0,dev_ranked,392,0.0005504622751352739
step_050000,50000,original_to_clone,opposite-number-shuffled,simple,L11H7,dev_ranked,392,0.0005489101215284698
step_050000,50000,original_to_clone,opposite-number-shuffled,simple,L8H0,dev_ranked,392,0.0020791292190551758
step_050000,50000,original_to_clone,opposite-number-shuffled,simple,L11H0,dev_ranked,392,0.006762003412052076
step_050000,50000,original_to_clone,opposite-number-shuffled,pp_attractor,L8H3,pre_registered,296,0.12989395212482763
step_050000,50000,original_to_clone,opposite-number-shuffled,pp_attractor,L10H2,dev_ranked,296,0.01294292469282408
step_050000,50000,original_to_clone,opposite-number-shuffled,pp_attractor,L9H0,dev_ranked,296,0.011508197397799106
step_050000,50000,original_to_clone,opposite-number-shuffled,pp_attractor,L11H7,dev_ranked,296,-0.012626451414984625
step_050000,50000,original_to_clone,opposite-number-shuffled,pp_attractor,L8H0,dev_ranked,296,0.04802966117858887
step_050000,50000,original_to_clone,opposite-number-shuffled,pp_attractor,L11H0,dev_ranked,296,0.00648297812487628
step_050000,50000,original_to_clone,opposite-number-shuffled,object_relative,L8H3,pre_registered,304,0.03563972366483588
step_050000,50000,original_to_clone,opposite-number-shuffled,object_relative,L10H2,dev_ranked,304,0.014752725237294248
step_050000,50000,original_to_clone,opposite-number-shuffled,object_relative,L9H0,dev_ranked,304,0.008016845113352725
step_050000,50000,original_to_clone,opposite-number-shuffled,object_relative,L11H7,dev_ranked,304,-0.0007881726089276766
step_050000,50000,original_to_clone,opposite-number-shuffled,object_relative,L8H0,dev_ranked,304,0.011895452675066497
step_050000,50000,original_to_clone,opposite-number-shuffled,object_relative,L11H0,dev_ranked,304,0.008527969059191252
step_050000,50000,original_to_clone,opposite-number-shuffled,subject_relative,L8H3,pre_registered,288,0.06826464169555241
step_050000,50000,original_to_clone,opposite-number-shuffled,subject_relative,L10H2,dev_ranked,288,0.0042476240131590105
step_050000,50000,original_to_clone,opposite-number-shuffled,subject_relative,L9H0,dev_ranked,288,0.04056159324116177
step_050000,50000,original_to_clone,opposite-number-shuffled,subject_relative,L11H7,dev_ranked,288,-0.006255444553163316
step_050000,50000,original_to_clone,opposite-number-shuffled,subject_relative,L8H0,dev_ranked,288,0.024845671322610643
step_050000,50000,original_to_clone,opposite-number-shuffled,subject_relative,L11H0,dev_ranked,288,0.006628013319439358
step_050000,50000,clone_to_original,opposite-number,pooled_distractor,L8H3,pre_registered,888,0.1728001424858162
step_050000,50000,clone_to_original,opposite-number,pooled_distractor,L10H2,dev_ranked,888,0.0021088499206680434
step_050000,50000,clone_to_original,opposite-number,pooled_distractor,L9H0,dev_ranked,888,0.018926897564449825
step_050000,50000,clone_to_original,opposite-number,pooled_distractor,L11H7,dev_ranked,888,0.0048274172318948285
step_050000,50000,clone_to_original,opposite-number,pooled_distractor,L8H0,dev_ranked,888,0.0022302060513883022
step_050000,50000,clone_to_original,opposite-number,pooled_distractor,L11H0,dev_ranked,888,0.00027896262503959035
step_050000,50000,clone_to_original,opposite-number,simple,L8H3,pre_registered,392,0.012320427262053197
step_050000,50000,clone_to_original,opposite-number,simple,L10H2,dev_ranked,392,0.007066320399848783
step_050000,50000,clone_to_original,opposite-number,simple,L9H0,dev_ranked,392,0.001749715026544065
step_050000,50000,clone_to_original,opposite-number,simple,L11H7,dev_ranked,392,0.008894237936759482
step_050000,50000,clone_to_original,opposite-number,simple,L8H0,dev_ranked,392,-0.008811664824583093
step_050000,50000,clone_to_original,opposite-number,simple,L11H0,dev_ranked,392,0.0012343501558109205
step_050000,50000,clone_to_original,opposite-number,pp_attractor,L8H3,pre_registered,296,0.1887493922903731
step_050000,50000,clone_to_original,opposite-number,pp_attractor,L10H2,dev_ranked,296,0.0014263745900746938
step_050000,50000,clone_to_original,opposite-number,pp_attractor,L9H0,dev_ranked,296,0.02235761848655907
step_050000,50000,clone_to_original,opposite-number,pp_attractor,L11H7,dev_ranked,296,0.006559856840082117
step_050000,50000,clone_to_original,opposite-number,pp_attractor,L8H0,dev_ranked,296,0.018888436459206247
step_050000,50000,clone_to_original,opposite-number,pp_attractor,L11H0,dev_ranked,296,0.000978598723540435
step_050000,50000,clone_to_original,opposite-number,object_relative,L8H3,pre_registered,304,0.14964914949316727
step_050000,50000,clone_to_original,opposite-number,object_relative,L10H2,dev_ranked,304,0.0016329037515740645
step_050000,50000,clone_to_original,opposite-number,object_relative,L9H0,dev_ranked,304,0.022571053944135968
step_050000,50000,clone_to_original,opposite-number,object_relative,L11H7,dev_ranked,304,0.0022648008246170847
step_050000,50000,clone_to_original,opposite-number,object_relative,L8H0,dev_ranked,304,-0.01666109185469778
step_050000,50000,clone_to_original,opposite-number,object_relative,L11H0,dev_ranked,304,-0.00010661859261362176
step_050000,50000,clone_to_original,opposite-number,subject_relative,L8H3,pre_registered,288,0.18084501723448435
step_050000,50000,clone_to_original,opposite-number,subject_relative,L10H2,dev_ranked,288,0.003312670522265964
step_050000,50000,clone_to_original,opposite-number,subject_relative,L9H0,dev_ranked,288,0.011554269327057732
step_050000,50000,clone_to_original,opposite-number,subject_relative,L11H7,dev_ranked,288,0.0057518382867177325
step_050000,50000,clone_to_original,opposite-number,subject_relative,L8H0,dev_ranked,288,0.005050061477555169
step_050000,50000,clone_to_original,opposite-number,subject_relative,L11H0,dev_ranked,288,-3.310541311899821e-05
step_050000,50000,clone_to_original,opposite-number-shuffled,pooled_distractor,L8H3,pre_registered,888,0.17383532158963316
step_050000,50000,clone_to_original,opposite-number-shuffled,pooled_distractor,L10H2,dev_ranked,888,0.0017558008700877697
step_050000,50000,clone_to_original,opposite-number-shuffled,pooled_distractor,L9H0,dev_ranked,888,0.021688365721487784
step_050000,50000,clone_to_original,opposite-number-shuffled,pooled_distractor,L11H7,dev_ranked,888,0.004859747113408269
step_050000,50000,clone_to_original,opposite-number-shuffled,pooled_distractor,L8H0,dev_ranked,888,0.0040517363462362205
step_050000,50000,clone_to_original,opposite-number-shuffled,pooled_distractor,L11H0,dev_ranked,888,-3.7054220835367836e-05
step_050000,50000,clone_to_original,opposite-number-shuffled,simple,L8H3,pre_registered,392,0.012799304358813227
step_050000,50000,clone_to_original,opposite-number-shuffled,simple,L10H2,dev_ranked,392,0.0066269465855189735
step_050000,50000,clone_to_original,opposite-number-shuffled,simple,L9H0,dev_ranked,392,-0.0015402290285850058
step_050000,50000,clone_to_original,opposite-number-shuffled,simple,L11H7,dev_ranked,392,0.011830927157888606
step_050000,50000,clone_to_original,opposite-number-shuffled,simple,L8H0,dev_ranked,392,-0.0009918091248492806
step_050000,50000,clone_to_original,opposite-number-shuffled,simple,L11H0,dev_ranked,392,0.001761634739077821
step_050000,50000,clone_to_original,opposite-number-shuffled,pp_attractor,L8H3,pre_registered,296,0.18769714316806277
step_050000,50000,clone_to_original,opposite-number-shuffled,pp_attractor,L10H2,dev_ranked,296,-0.0001952712600295608
step_050000,50000,clone_to_original,opposite-number-shuffled,pp_attractor,L9H0,dev_ranked,296,0.027798613986453495
step_050000,50000,clone_to_original,opposite-number-shuffled,pp_attractor,L11H7,dev_ranked,296,0.009577920307984223
step_050000,50000,clone_to_original,opposite-number-shuffled,pp_attractor,L8H0,dev_ranked,296,0.028835668757155136
step_050000,50000,clone_to_original,opposite-number-shuffled,pp_attractor,L11H0,dev_ranked,296,0.003249213502213762
step_050000,50000,clone_to_original,opposite-number-shuffled,object_relative,L8H3,pre_registered,304,0.15389646668183177
step_050000,50000,clone_to_original,opposite-number-shuffled,object_relative,L10H2,dev_ranked,304,0.001805012163363005
step_050000,50000,clone_to_original,opposite-number-shuffled,object_relative,L9H0,dev_ranked,304,0.019568303697987607
step_050000,50000,clone_to_original,opposite-number-shuffled,object_relative,L11H7,dev_ranked,304,0.0005314899118323075
step_050000,50000,clone_to_original,opposite-number-shuffled,object_relative,L8H0,dev_ranked,304,-0.01734910199516698
step_050000,50000,clone_to_original,opposite-number-shuffled,object_relative,L11H0,dev_ranked,304,-1.7252407575908462e-05
step_050000,50000,clone_to_original,opposite-number-shuffled,subject_relative,L8H3,pre_registered,288,0.1806350184811486
step_050000,50000,clone_to_original,opposite-number-shuffled,subject_relative,L10H2,dev_ranked,288,0.0037091241942511666
step_050000,50000,clone_to_original,opposite-number-shuffled,subject_relative,L9H0,dev_ranked,288,0.01764623158507877
step_050000,50000,clone_to_original,opposite-number-shuffled,subject_relative,L11H7,dev_ranked,288,0.004579229487313164
step_050000,50000,clone_to_original,opposite-number-shuffled,subject_relative,L8H0,dev_ranked,288,0.0011691351731618245
step_050000,50000,clone_to_original,opposite-number-shuffled,subject_relative,L11H0,dev_ranked,288,-0.003435509072409736
step_065000,65000,original_to_original,opposite-number,pooled_distractor,L8H3,pre_registered,888,0.7029551863670349
step_065000,65000,original_to_original,opposite-number,pooled_distractor,L10H2,dev_ranked,888,0.007829027132945018
step_065000,65000,original_to_original,opposite-number,pooled_distractor,L9H0,dev_ranked,888,0.015389591186970204
step_065000,65000,original_to_original,opposite-number,pooled_distractor,L11H7,dev_ranked,888,0.0017452986390741022
step_065000,65000,original_to_original,opposite-number,pooled_distractor,L8H0,dev_ranked,888,0.21163150319108018
step_065000,65000,original_to_original,opposite-number,pooled_distractor,L11H0,dev_ranked,888,0.00041318798924351596
step_065000,65000,original_to_original,opposite-number,simple,L8H3,pre_registered,392,0.10744541883468628
step_065000,65000,original_to_original,opposite-number,simple,L10H2,dev_ranked,392,0.009912775487315898
step_065000,65000,original_to_original,opposite-number,simple,L9H0,dev_ranked,392,0.00215065844204961
step_065000,65000,original_to_original,opposite-number,simple,L11H7,dev_ranked,392,0.0020854448785587233
step_065000,65000,original_to_original,opposite-number,simple,L8H0,dev_ranked,392,-0.004013719607372673
step_065000,65000,original_to_original,opposite-number,simple,L11H0,dev_ranked,392,-0.003706854216906489
step_065000,65000,original_to_original,opposite-number,pp_attractor,L8H3,pre_registered,296,0.732268890819034
step_065000,65000,original_to_original,opposite-number,pp_attractor,L10H2,dev_ranked,296,0.008099536638002138
step_065000,65000,original_to_original,opposite-number,pp_attractor,L9H0,dev_ranked,296,0.010984032540707974
step_065000,65000,original_to_original,opposite-number,pp_attractor,L11H7,dev_ranked,296,0.0028592219223847262
step_065000,65000,original_to_original,opposite-number,pp_attractor,L8H0,dev_ranked,296,0.19748920846629786
step_065000,65000,original_to_original,opposite-number,pp_attractor,L11H0,dev_ranked,296,-0.0032084213720785606
step_065000,65000,original_to_original,opposite-number,object_relative,L8H3,pre_registered,304,0.5947645573239577
step_065000,65000,original_to_original,opposite-number,object_relative,L10H2,dev_ranked,304,0.011453914014916671
step_065000,65000,original_to_original,opposite-number,object_relative,L9H0,dev_ranked,304,0.009776935765617773
step_065000,65000,original_to_original,opposite-number,object_relative,L11H7,dev_ranked,304,-0.0017542133205815365
step_065000,65000,original_to_original,opposite-number,object_relative,L8H0,dev_ranked,304,0.14866025981150174
step_065000,65000,original_to_original,opposite-number,object_relative,L11H0,dev_ranked,304,0.0022909045219421387
step_065000,65000,original_to_original,opposite-number,subject_relative,L8H3,pre_registered,288,0.787028431892395
step_065000,65000,original_to_original,opposite-number,subject_relative,L10H2,dev_ranked,288,0.0037247339884440103
step_065000,65000,original_to_original,opposite-number,subject_relative,L9H0,dev_ranked,288,0.02584199607372284
step_065000,65000,original_to_original,opposite-number,subject_relative,L11H7,dev_ranked,288,0.0042943623330858015
step_065000,65000,original_to_original,opposite-number,subject_relative,L8H0,dev_ranked,288,0.29263628522555035
step_065000,65000,original_to_original,opposite-number,subject_relative,L11H0,dev_ranked,288,0.0021533634927537707
step_065000,65000,original_to_original,opposite-number-shuffled,pooled_distractor,L8H3,pre_registered,888,0.6940449159424584
step_065000,65000,original_to_original,opposite-number-shuffled,pooled_distractor,L10H2,dev_ranked,888,0.008574126540003595
step_065000,65000,original_to_original,opposite-number-shuffled,pooled_distractor,L9H0,dev_ranked,888,0.016177208036989778
step_065000,65000,original_to_original,opposite-number-shuffled,pooled_distractor,L11H7,dev_ranked,888,0.003764528948981483
step_065000,65000,original_to_original,opposite-number-shuffled,pooled_distractor,L8H0,dev_ranked,888,0.20629113053416345
step_065000,65000,original_to_original,opposite-number-shuffled,pooled_distractor,L11H0,dev_ranked,888,0.0011879329208855157
step_065000,65000,original_to_original,opposite-number-shuffled,simple,L8H3,pre_registered,392,0.10809251361963701
step_065000,65000,original_to_original,opposite-number-shuffled,simple,L10H2,dev_ranked,392,0.010767368637785619
step_065000,65000,original_to_original,opposite-number-shuffled,simple,L9H0,dev_ranked,392,0.0031225085258483887
step_065000,65000,original_to_original,opposite-number-shuffled,simple,L11H7,dev_ranked,392,0.003171271207381268
step_065000,65000,original_to_original,opposite-number-shuffled,simple,L8H0,dev_ranked,392,-0.0004937831236391651
step_065000,65000,original_to_original,opposite-number-shuffled,simple,L11H0,dev_ranked,392,-0.002926766872406006
step_065000,65000,original_to_original,opposite-number-shuffled,pp_attractor,L8H3,pre_registered,296,0.7308442012683766
step_065000,65000,original_to_original,opposite-number-shuffled,pp_attractor,L10H2,dev_ranked,296,0.007883299041438746
step_065000,65000,original_to_original,opposite-number-shuffled,pp_attractor,L9H0,dev_ranked,296,0.01193033843427091
step_065000,65000,original_to_original,opposite-number-shuffled,pp_attractor,L11H7,dev_ranked,296,0.0040043689109183645
step_065000,65000,original_to_original,opposite-number-shuffled,pp_attractor,L8H0,dev_ranked,296,0.19062732844739347
step_065000,65000,original_to_original,opposite-number-shuffled,pp_attractor,L11H0,dev_ranked,296,-5.3587797525766734e-05
step_065000,65000,original_to_original,opposite-number-shuffled,object_relative,L8H3,pre_registered,304,0.5881464355870297
step_065000,65000,original_to_original,opposite-number-shuffled,object_relative,L10H2,dev_ranked,304,0.013163726580770392
step_065000,65000,original_to_original,opposite-number-shuffled,object_relative,L9H0,dev_ranked,304,0.010054323234056172
step_065000,65000,original_to_original,opposite-number-shuffled,object_relative,L11H7,dev_ranked,304,0.0008548278557626825
step_065000,65000,original_to_original,opposite-number-shuffled,object_relative,L8H0,dev_ranked,304,0.13338792794629148
step_065000,65000,original_to_original,opposite-number-shuffled,object_relative,L11H0,dev_ranked,304,0.0008443280270225124
step_065000,65000,original_to_original,opposite-number-shuffled,subject_relative,L8H3,pre_registered,288,0.7680051575104395
step_065000,65000,original_to_original,opposite-number-shuffled,subject_relative,L10H2,dev_ranked,288,0.004439565870496962
step_065000,65000,original_to_original,opposite-number-shuffled,subject_relative,L9H0,dev_ranked,288,0.027005091309547424
step_065000,65000,original_to_original,opposite-number-shuffled,subject_relative,L11H7,dev_ranked,288,0.006589377919832866
step_065000,65000,original_to_original,opposite-number-shuffled,subject_relative,L8H0,dev_ranked,288,0.29934341874387527
step_065000,65000,original_to_original,opposite-number-shuffled,subject_relative,L11H0,dev_ranked,288,0.0028266343805525037
step_065000,65000,clone_to_clone,opposite-number,pooled_distractor,L8H3,pre_registered,888,0.4566084962707382
step_065000,65000,clone_to_clone,opposite-number,pooled_distractor,L10H2,dev_ranked,888,0.03953240959493964
step_065000,65000,clone_to_clone,opposite-number,pooled_distractor,L9H0,dev_ranked,888,0.15754858008376113
step_065000,65000,clone_to_clone,opposite-number,pooled_distractor,L11H7,dev_ranked,888,-0.011050118519379213
step_065000,65000,clone_to_clone,opposite-number,pooled_distractor,L8H0,dev_ranked,888,0.02147924685263419
step_065000,65000,clone_to_clone,opposite-number,pooled_distractor,L11H0,dev_ranked,888,0.006561167605288394
step_065000,65000,clone_to_clone,opposite-number,simple,L8H3,pre_registered,392,0.09075861074486558
step_065000,65000,clone_to_clone,opposite-number,simple,L10H2,dev_ranked,392,0.04767922844205584
step_065000,65000,clone_to_clone,opposite-number,simple,L9H0,dev_ranked,392,0.014829696441183284
step_065000,65000,clone_to_clone,opposite-number,simple,L11H7,dev_ranked,392,0.003684194720521265
step_065000,65000,clone_to_clone,opposite-number,simple,L8H0,dev_ranked,392,0.005357186405026183
step_065000,65000,clone_to_clone,opposite-number,simple,L11H0,dev_ranked,392,0.012113112576153814
step_065000,65000,clone_to_clone,opposite-number,pp_attractor,L8H3,pre_registered,296,0.5185219871031271
step_065000,65000,clone_to_clone,opposite-number,pp_attractor,L10H2,dev_ranked,296,0.034800171852111816
step_065000,65000,clone_to_clone,opposite-number,pp_attractor,L9H0,dev_ranked,296,0.08298747603957718
step_065000,65000,clone_to_clone,opposite-number,pp_attractor,L11H7,dev_ranked,296,-0.014206243527902139
step_065000,65000,clone_to_clone,opposite-number,pp_attractor,L8H0,dev_ranked,296,0.022730497089592187
step_065000,65000,clone_to_clone,opposite-number,pp_attractor,L11H0,dev_ranked,296,0.007509921048138593
step_065000,65000,clone_to_clone,opposite-number,object_relative,L8H3,pre_registered,304,0.36650046706199646
step_065000,65000,clone_to_clone,opposite-number,object_relative,L10H2,dev_ranked,304,0.046873822023994045
step_065000,65000,clone_to_clone,opposite-number,object_relative,L9H0,dev_ranked,304,0.31080835900808634
step_065000,65000,clone_to_clone,opposite-number,object_relative,L11H7,dev_ranked,304,-0.0059550247694316666
step_065000,65000,clone_to_clone,opposite-number,object_relative,L8H0,dev_ranked,304,0.01967344472282811
step_065000,65000,clone_to_clone,opposite-number,object_relative,L11H0,dev_ranked,304,0.004482882587533248
step_065000,65000,clone_to_clone,opposite-number,subject_relative,L8H3,pre_registered,288,0.4880892170800103
step_065000,65000,clone_to_clone,opposite-number,subject_relative,L10H2,dev_ranked,288,0.03664682971106635
step_065000,65000,clone_to_clone,opposite-number,subject_relative,L9H0,dev_ranked,288,0.07240661482016246
step_065000,65000,clone_to_clone,opposite-number,subject_relative,L11H7,dev_ranked,288,-0.013184477885564169
step_065000,65000,clone_to_clone,opposite-number,subject_relative,L8H0,dev_ranked,288,0.02209936413500044
step_065000,65000,clone_to_clone,opposite-number,subject_relative,L11H0,dev_ranked,288,0.007779805196656121
step_065000,65000,clone_to_clone,opposite-number-shuffled,pooled_distractor,L8H3,pre_registered,888,0.4470614925161138
step_065000,65000,clone_to_clone,opposite-number-shuffled,pooled_distractor,L10H2,dev_ranked,888,0.041524517106580304
step_065000,65000,clone_to_clone,opposite-number-shuffled,pooled_distractor,L9H0,dev_ranked,888,0.16620033442437113
step_065000,65000,clone_to_clone,opposite-number-shuffled,pooled_distractor,L11H7,dev_ranked,888,-0.010394414802929302
step_065000,65000,clone_to_clone,opposite-number-shuffled,pooled_distractor,L8H0,dev_ranked,888,0.02147903313507905
step_065000,65000,clone_to_clone,opposite-number-shuffled,pooled_distractor,L11H0,dev_ranked,888,0.006168732235023567
step_065000,65000,clone_to_clone,opposite-number-shuffled,simple,L8H3,pre_registered,392,0.08948417464081122
step_065000,65000,clone_to_clone,opposite-number-shuffled,simple,L10H2,dev_ranked,392,0.05336524029167331
step_065000,65000,clone_to_clone,opposite-number-shuffled,simple,L9H0,dev_ranked,392,0.01988162799757354
step_065000,65000,clone_to_clone,opposite-number-shuffled,simple,L11H7,dev_ranked,392,0.005241980358045928
step_065000,65000,clone_to_clone,opposite-number-shuffled,simple,L8H0,dev_ranked,392,0.0116191992954332
step_065000,65000,clone_to_clone,opposite-number-shuffled,simple,L11H0,dev_ranked,392,0.012301161581156204
step_065000,65000,clone_to_clone,opposite-number-shuffled,pp_attractor,L8H3,pre_registered,296,0.4989320506920686
step_065000,65000,clone_to_clone,opposite-number-shuffled,pp_attractor,L10H2,dev_ranked,296,0.032017680438789164
step_065000,65000,clone_to_clone,opposite-number-shuffled,pp_attractor,L9H0,dev_ranked,296,0.10014382568565575
step_065000,65000,clone_to_clone,opposite-number-shuffled,pp_attractor,L11H7,dev_ranked,296,-0.014443684268642116
step_065000,65000,clone_to_clone,opposite-number-shuffled,pp_attractor,L8H0,dev_ranked,296,0.025500830766317005
step_065000,65000,clone_to_clone,opposite-number-shuffled,pp_attractor,L11H0,dev_ranked,296,0.007207441974330593
step_065000,65000,clone_to_clone,opposite-number-shuffled,object_relative,L8H3,pre_registered,304,0.3710692885674928
step_065000,65000,clone_to_clone,opposite-number-shuffled,object_relative,L10H2,dev_ranked,304,0.05343112820073178
step_065000,65000,clone_to_clone,opposite-number-shuffled,object_relative,L9H0,dev_ranked,304,0.3144122534676602
step_065000,65000,clone_to_clone,opposite-number-shuffled,object_relative,L11H7,dev_ranked,304,-0.0058684819623043664
step_065000,65000,clone_to_clone,opposite-number-shuffled,object_relative,L8H0,dev_ranked,304,0.014164273676119353
step_065000,65000,clone_to_clone,opposite-number-shuffled,object_relative,L11H0,dev_ranked,304,0.0050070928899865405
step_065000,65000,clone_to_clone,opposite-number-shuffled,subject_relative,L8H3,pre_registered,288,0.47396407855881584
step_065000,65000,clone_to_clone,opposite-number-shuffled,subject_relative,L10H2,dev_ranked,288,0.03872734308242798
step_065000,65000,clone_to_clone,opposite-number-shuffled,subject_relative,L9H0,dev_ranked,288,0.07764583163791233
step_065000,65000,clone_to_clone,opposite-number-shuffled,subject_relative,L11H7,dev_ranked,288,-0.011010039183828566
step_065000,65000,clone_to_clone,opposite-number-shuffled,subject_relative,L8H0,dev_ranked,288,0.025066653887430828
step_065000,65000,clone_to_clone,opposite-number-shuffled,subject_relative,L11H0,dev_ranked,288,0.006327344311608208
step_065000,65000,original_to_clone,opposite-number,pooled_distractor,L8H3,pre_registered,888,0.06045784123309024
step_065000,65000,original_to_clone,opposite-number,pooled_distractor,L10H2,dev_ranked,888,0.01037395376342911
step_065000,65000,original_to_clone,opposite-number,pooled_distractor,L9H0,dev_ranked,888,0.019972912900082698
step_065000,65000,original_to_clone,opposite-number,pooled_distractor,L11H7,dev_ranked,888,-0.005262282517579224
step_065000,65000,original_to_clone,opposite-number,pooled_distractor,L8H0,dev_ranked,888,0.029345429158425546
step_065000,65000,original_to_clone,opposite-number,pooled_distractor,L11H0,dev_ranked,888,0.0095354742832012
step_065000,65000,original_to_clone,opposite-number,simple,L8H3,pre_registered,392,0.01782667880155602
step_065000,65000,original_to_clone,opposite-number,simple,L10H2,dev_ranked,392,0.009835402576290831
step_065000,65000,original_to_clone,opposite-number,simple,L9H0,dev_ranked,392,-0.0013748346542825504
step_065000,65000,original_to_clone,opposite-number,simple,L11H7,dev_ranked,392,-0.0040466505654004154
step_065000,65000,original_to_clone,opposite-number,simple,L8H0,dev_ranked,392,0.006017102270710225
step_065000,65000,original_to_clone,opposite-number,simple,L11H0,dev_ranked,392,0.013322819252403416
step_065000,65000,original_to_clone,opposite-number,pp_attractor,L8H3,pre_registered,296,0.10780903777560673
step_065000,65000,original_to_clone,opposite-number,pp_attractor,L10H2,dev_ranked,296,0.012055980192648398
step_065000,65000,original_to_clone,opposite-number,pp_attractor,L9H0,dev_ranked,296,0.007202419074806008
step_065000,65000,original_to_clone,opposite-number,pp_attractor,L11H7,dev_ranked,296,-0.0054506272883028594
step_065000,65000,original_to_clone,opposite-number,pp_attractor,L8H0,dev_ranked,296,0.03303513494697777
step_065000,65000,original_to_clone,opposite-number,pp_attractor,L11H0,dev_ranked,296,0.008674802006901922
step_065000,65000,original_to_clone,opposite-number,object_relative,L8H3,pre_registered,304,0.014946536013954565
step_065000,65000,original_to_clone,opposite-number,object_relative,L10H2,dev_ranked,304,0.01307013474012676
step_065000,65000,original_to_clone,opposite-number,object_relative,L9H0,dev_ranked,304,0.009944316587950053
step_065000,65000,original_to_clone,opposite-number,object_relative,L11H7,dev_ranked,304,-0.004626164310856869
step_065000,65000,original_to_clone,opposite-number,object_relative,L8H0,dev_ranked,304,0.009639692933935868
step_065000,65000,original_to_clone,opposite-number,object_relative,L11H0,dev_ranked,304,0.007875042526345504
step_065000,65000,original_to_clone,opposite-number,subject_relative,L8H3,pre_registered,288,0.05983104474014706
step_065000,65000,original_to_clone,opposite-number,subject_relative,L10H2,dev_ranked,288,0.005799235569106208
step_065000,65000,original_to_clone,opposite-number,subject_relative,L9H0,dev_ranked,288,0.043683883216645986
step_065000,65000,original_to_clone,opposite-number,subject_relative,L11H7,dev_ranked,288,-0.0057401640547646415
step_065000,65000,original_to_clone,opposite-number,subject_relative,L8H0,dev_ranked,288,0.04635373089048597
step_065000,65000,original_to_clone,opposite-number,subject_relative,L11H0,dev_ranked,288,0.012172732088300917
step_065000,65000,original_to_clone,opposite-number-shuffled,pooled_distractor,L8H3,pre_registered,888,0.06027911804817818
step_065000,65000,original_to_clone,opposite-number-shuffled,pooled_distractor,L10H2,dev_ranked,888,0.012171025211746627
step_065000,65000,original_to_clone,opposite-number-shuffled,pooled_distractor,L9H0,dev_ranked,888,0.02284762666032121
step_065000,65000,original_to_clone,opposite-number-shuffled,pooled_distractor,L11H7,dev_ranked,888,-0.007050564697196892
step_065000,65000,original_to_clone,opposite-number-shuffled,pooled_distractor,L8H0,dev_ranked,888,0.03331523972588617
step_065000,65000,original_to_clone,opposite-number-shuffled,pooled_distractor,L11H0,dev_ranked,888,0.00852011184434633
step_065000,65000,original_to_clone,opposite-number-shuffled,simple,L8H3,pre_registered,392,0.020625198373989184
step_065000,65000,original_to_clone,opposite-number-shuffled,simple,L10H2,dev_ranked,392,0.011051132970926712
step_065000,65000,original_to_clone,opposite-number-shuffled,simple,L9H0,dev_ranked,392,-0.0022219237016171825
step_065000,65000,original_to_clone,opposite-number-shuffled,simple,L11H7,dev_ranked,392,-0.00383082457951137
step_065000,65000,original_to_clone,opposite-number-shuffled,simple,L8H0,dev_ranked,392,0.010453168226748097
step_065000,65000,original_to_clone,opposite-number-shuffled,simple,L11H0,dev_ranked,392,0.013901751868578852
step_065000,65000,original_to_clone,opposite-number-shuffled,pp_attractor,L8H3,pre_registered,296,0.1021563620180697
step_065000,65000,original_to_clone,opposite-number-shuffled,pp_attractor,L10H2,dev_ranked,296,0.013795424152064967
step_065000,65000,original_to_clone,opposite-number-shuffled,pp_attractor,L9H0,dev_ranked,296,0.009252240528931489
step_065000,65000,original_to_clone,opposite-number-shuffled,pp_attractor,L11H7,dev_ranked,296,-0.014793700463063008
step_065000,65000,original_to_clone,opposite-number-shuffled,pp_attractor,L8H0,dev_ranked,296,0.04204334600551708
step_065000,65000,original_to_clone,opposite-number-shuffled,pp_attractor,L11H0,dev_ranked,296,0.007298482430947793
step_065000,65000,original_to_clone,opposite-number-shuffled,object_relative,L8H3,pre_registered,304,0.020117742450613724
step_065000,65000,original_to_clone,opposite-number-shuffled,object_relative,L10H2,dev_ranked,304,0.017341568281776028
step_065000,65000,original_to_clone,opposite-number-shuffled,object_relative,L9H0,dev_ranked,304,0.009134606311195776
step_065000,65000,original_to_clone,opposite-number-shuffled,object_relative,L11H7,dev_ranked,304,-0.0028662712950455515
step_065000,65000,original_to_clone,opposite-number-shuffled,object_relative,L8H0,dev_ranked,304,0.008119095312921624
step_065000,65000,original_to_clone,opposite-number-shuffled,object_relative,L11H0,dev_ranked,304,0.009202442671123304
step_065000,65000,original_to_clone,opposite-number-shuffled,subject_relative,L8H3,pre_registered,288,0.05963118043210772
step_065000,65000,original_to_clone,opposite-number-shuffled,subject_relative,L10H2,dev_ranked,288,0.005043708615832859
step_065000,65000,original_to_clone,opposite-number-shuffled,subject_relative,L9H0,dev_ranked,288,0.051295517219437495
step_065000,65000,original_to_clone,opposite-number-shuffled,subject_relative,L11H7,dev_ranked,288,-0.0035090959734386867
step_065000,65000,original_to_clone,opposite-number-shuffled,subject_relative,L8H0,dev_ranked,288,0.050940616263283625
step_065000,65000,original_to_clone,opposite-number-shuffled,subject_relative,L11H0,dev_ranked,288,0.009055437313185798
step_065000,65000,clone_to_original,opposite-number,pooled_distractor,L8H3,pre_registered,888,0.22149903870917656
step_065000,65000,clone_to_original,opposite-number,pooled_distractor,L10H2,dev_ranked,888,0.010899190967147416
step_065000,65000,clone_to_original,opposite-number,pooled_distractor,L9H0,dev_ranked,888,0.032449187996151214
step_065000,65000,clone_to_original,opposite-number,pooled_distractor,L11H7,dev_ranked,888,0.003893932243725201
step_065000,65000,clone_to_original,opposite-number,pooled_distractor,L8H0,dev_ranked,888,0.011322715260961035
step_065000,65000,clone_to_original,opposite-number,pooled_distractor,L11H0,dev_ranked,888,-0.0010122442030691887
step_065000,65000,clone_to_original,opposite-number,simple,L8H3,pre_registered,392,0.014226148323136933
step_065000,65000,clone_to_original,opposite-number,simple,L10H2,dev_ranked,392,0.016064289881258596
step_065000,65000,clone_to_original,opposite-number,simple,L9H0,dev_ranked,392,0.007092790944235665
step_065000,65000,clone_to_original,opposite-number,simple,L11H7,dev_ranked,392,0.010903150451426603
step_065000,65000,clone_to_original,opposite-number,simple,L8H0,dev_ranked,392,0.0006070137023925781
step_065000,65000,clone_to_original,opposite-number,simple,L11H0,dev_ranked,392,0.0002713544028145926
step_065000,65000,clone_to_original,opposite-number,pp_attractor,L8H3,pre_registered,296,0.21011710650212057
step_065000,65000,clone_to_original,opposite-number,pp_attractor,L10H2,dev_ranked,296,0.0075226812749295624
step_065000,65000,clone_to_original,opposite-number,pp_attractor,L9H0,dev_ranked,296,0.03071081960523451
step_065000,65000,clone_to_original,opposite-number,pp_attractor,L11H7,dev_ranked,296,0.007070832961314433
step_065000,65000,clone_to_original,opposite-number,pp_attractor,L8H0,dev_ranked,296,0.026081352620511443
step_065000,65000,clone_to_original,opposite-number,pp_attractor,L11H0,dev_ranked,296,3.607208664352829e-05
step_065000,65000,clone_to_original,opposite-number,object_relative,L8H3,pre_registered,304,0.20756636481536062
step_065000,65000,clone_to_original,opposite-number,object_relative,L10H2,dev_ranked,304,0.017264726914857562
step_065000,65000,clone_to_original,opposite-number,object_relative,L9H0,dev_ranked,304,0.04646714266977812
step_065000,65000,clone_to_original,opposite-number,object_relative,L11H7,dev_ranked,304,0.0016349099184337415
step_065000,65000,clone_to_original,opposite-number,object_relative,L8H0,dev_ranked,304,-0.0048386423211348685
step_065000,65000,clone_to_original,opposite-number,object_relative,L11H0,dev_ranked,304,-0.0006329134890907689
step_065000,65000,clone_to_original,opposite-number,subject_relative,L8H3,pre_registered,288,0.24790384703212315
step_065000,65000,clone_to_original,opposite-number,subject_relative,L10H2,dev_ranked,288,0.007650315761566162
step_065000,65000,clone_to_original,opposite-number,subject_relative,L9H0,dev_ranked,288,0.019439114464653864
step_065000,65000,clone_to_original,opposite-number,subject_relative,L11H7,dev_ranked,288,0.0030133078495661416
step_065000,65000,clone_to_original,opposite-number,subject_relative,L8H0,dev_ranked,288,0.013213326533635458
step_065000,65000,clone_to_original,opposite-number,subject_relative,L11H0,dev_ranked,288,-0.002490085032251146
step_065000,65000,clone_to_original,opposite-number-shuffled,pooled_distractor,L8H3,pre_registered,888,0.2185843645989358
step_065000,65000,clone_to_original,opposite-number-shuffled,pooled_distractor,L10H2,dev_ranked,888,0.011523130777719858
step_065000,65000,clone_to_original,opposite-number-shuffled,pooled_distractor,L9H0,dev_ranked,888,0.03698900583628062
step_065000,65000,clone_to_original,opposite-number-shuffled,pooled_distractor,L11H7,dev_ranked,888,0.00501048672306645
step_065000,65000,clone_to_original,opposite-number-shuffled,pooled_distractor,L8H0,dev_ranked,888,0.009461194545299083
step_065000,65000,clone_to_original,opposite-number-shuffled,pooled_distractor,L11H0,dev_ranked,888,-0.0005387357763341955
step_065000,65000,clone_to_original,opposite-number-shuffled,simple,L8H3,pre_registered,392,0.015752005333803137
step_065000,65000,clone_to_original,opposite-number-shuffled,simple,L10H2,dev_ranked,392,0.01624377284731184
step_065000,65000,clone_to_original,opposite-number-shuffled,simple,L9H0,dev_ranked,392,0.002660329244574722
step_065000,65000,clone_to_original,opposite-number-shuffled,simple,L11H7,dev_ranked,392,0.010872076968757473
step_065000,65000,clone_to_original,opposite-number-shuffled,simple,L8H0,dev_ranked,392,0.008787010397229875
step_065000,65000,clone_to_original,opposite-number-shuffled,simple,L11H0,dev_ranked,392,0.0011189835412161691
step_065000,65000,clone_to_original,opposite-number-shuffled,pp_attractor,L8H3,pre_registered,296,0.20570825886082006
step_065000,65000,clone_to_original,opposite-number-shuffled,pp_attractor,L10H2,dev_ranked,296,0.005249145868662241
step_065000,65000,clone_to_original,opposite-number-shuffled,pp_attractor,L9H0,dev_ranked,296,0.03984854028031633
step_065000,65000,clone_to_original,opposite-number-shuffled,pp_attractor,L11H7,dev_ranked,296,0.010526531451457256
step_065000,65000,clone_to_original,opposite-number-shuffled,pp_attractor,L8H0,dev_ranked,296,0.030866252409445273
step_065000,65000,clone_to_original,opposite-number-shuffled,pp_attractor,L11H0,dev_ranked,296,0.0020762714179786475
step_065000,65000,clone_to_original,opposite-number-shuffled,object_relative,L8H3,pre_registered,304,0.20827762076729223
step_065000,65000,clone_to_original,opposite-number-shuffled,object_relative,L10H2,dev_ranked,304,0.01905078793826856
step_065000,65000,clone_to_original,opposite-number-shuffled,object_relative,L9H0,dev_ranked,304,0.04798146454911483
step_065000,65000,clone_to_original,opposite-number-shuffled,object_relative,L11H7,dev_ranked,304,1.0368071104350843e-05
step_065000,65000,clone_to_original,opposite-number-shuffled,object_relative,L8H0,dev_ranked,304,-0.009048083895131162
step_065000,65000,clone_to_original,opposite-number-shuffled,object_relative,L11H0,dev_ranked,304,-0.0010732192742197138
step_065000,65000,clone_to_original,opposite-number-shuffled,subject_relative,L8H3,pre_registered,288,0.2426974806520674
step_065000,65000,clone_to_original,opposite-number-shuffled,subject_relative,L10H2,dev_ranked,288,0.010025532709227668
step_065000,65000,clone_to_original,opposite-number-shuffled,subject_relative,L9H0,dev_ranked,288,0.022446889016363356
step_065000,65000,clone_to_original,opposite-number-shuffled,subject_relative,L11H7,dev_ranked,288,0.004619121551513672
step_065000,65000,clone_to_original,opposite-number-shuffled,subject_relative,L8H0,dev_ranked,288,0.00699912342760298
step_065000,65000,clone_to_original,opposite-number-shuffled,subject_relative,L11H0,dev_ranked,288,-0.0026622050338321263
best,77500,original_to_original,opposite-number,pooled_distractor,L8H3,pre_registered,888,0.6685560732274443
best,77500,original_to_original,opposite-number,pooled_distractor,L10H2,dev_ranked,888,0.009639509626337
best,77500,original_to_original,opposite-number,pooled_distractor,L9H0,dev_ranked,888,0.01639616972691304
best,77500,original_to_original,opposite-number,pooled_distractor,L11H7,dev_ranked,888,0.003756116639386426
best,77500,original_to_original,opposite-number,pooled_distractor,L8H0,dev_ranked,888,0.22384047454541867
best,77500,original_to_original,opposite-number,pooled_distractor,L11H0,dev_ranked,888,-0.0012017961020942206
best,77500,original_to_original,opposite-number,simple,L8H3,pre_registered,392,0.11016924283942398
best,77500,original_to_original,opposite-number,simple,L10H2,dev_ranked,392,0.013148997511182512
best,77500,original_to_original,opposite-number,simple,L9H0,dev_ranked,392,0.0030738857327675334
best,77500,original_to_original,opposite-number,simple,L11H7,dev_ranked,392,0.005850630147116525
best,77500,original_to_original,opposite-number,simple,L8H0,dev_ranked,392,-0.001134929608325569
best,77500,original_to_original,opposite-number,simple,L11H0,dev_ranked,392,-0.006001118494539845
best,77500,original_to_original,opposite-number,pp_attractor,L8H3,pre_registered,296,0.7039596196767446
best,77500,original_to_original,opposite-number,pp_attractor,L10H2,dev_ranked,296,0.011471472881935738
best,77500,original_to_original,opposite-number,pp_attractor,L9H0,dev_ranked,296,0.009847747313009726
best,77500,original_to_original,opposite-number,pp_attractor,L11H7,dev_ranked,296,0.004678809964979017
best,77500,original_to_original,opposite-number,pp_attractor,L8H0,dev_ranked,296,0.21394075735195264
best,77500,original_to_original,opposite-number,pp_attractor,L11H0,dev_ranked,296,-0.003948110180932122
best,77500,original_to_original,opposite-number,object_relative,L8H3,pre_registered,304,0.5464939396632346
best,77500,original_to_original,opposite-number,object_relative,L10H2,dev_ranked,304,0.012960968833220633
best,77500,original_to_original,opposite-number,object_relative,L9H0,dev_ranked,304,0.00956569376744722
best,77500,original_to_original,opposite-number,object_relative,L11H7,dev_ranked,304,3.634157933686909e-05
best,77500,original_to_original,opposite-number,object_relative,L8H0,dev_ranked,304,0.1654075823332134
best,77500,original_to_original,opposite-number,object_relative,L11H0,dev_ranked,304,0.0002210077486540142
best,77500,original_to_original,opposite-number,subject_relative,L8H3,pre_registered,288,0.7610124581389957
best,77500,original_to_original,opposite-number,subject_relative,L10H2,dev_ranked,288,0.0042506737841500174
best,77500,original_to_original,opposite-number,subject_relative,L9H0,dev_ranked,288,0.030336439609527588
best,77500,original_to_original,opposite-number,subject_relative,L11H7,dev_ranked,288,0.006734222173690796
best,77500,original_to_original,opposite-number,subject_relative,L8H0,dev_ranked,288,0.2956943478849199
best,77500,original_to_original,opposite-number,subject_relative,L11H0,dev_ranked,288,0.00011895596981048584
best,77500,original_to_original,opposite-number-shuffled,pooled_distractor,L8H3,pre_registered,888,0.6634085387796969
best,77500,original_to_original,opposite-number-shuffled,pooled_distractor,L10H2,dev_ranked,888,0.010212317243352666
best,77500,original_to_original,opposite-number-shuffled,pooled_distractor,L9H0,dev_ranked,888,0.017312820430274482
best,77500,original_to_original,opposite-number-shuffled,pooled_distractor,L11H7,dev_ranked,888,0.006856312622895112
best,77500,original_to_original,opposite-number-shuffled,pooled_distractor,L8H0,dev_ranked,888,0.22023427003138774
best,77500,original_to_original,opposite-number-shuffled,pooled_distractor,L11H0,dev_ranked,888,0.0010181547285200239
best,77500,original_to_original,opposite-number-shuffled,simple,L8H3,pre_registered,392,0.11048713873843757
best,77500,original_to_original,opposite-number-shuffled,simple,L10H2,dev_ranked,392,0.014853569926047812
best,77500,original_to_original,opposite-number-shuffled,simple,L9H0,dev_ranked,392,0.003836713275130914
best,77500,original_to_original,opposite-number-shuffled,simple,L11H7,dev_ranked,392,0.007585150854928153
best,77500,original_to_original,opposite-number-shuffled,simple,L8H0,dev_ranked,392,0.0010057189026657417
best,77500,original_to_original,opposite-number-shuffled,simple,L11H0,dev_ranked,392,-0.005393174229835977
best,77500,original_to_original,opposite-number-shuffled,pp_attractor,L8H3,pre_registered,296,0.714256320450757
best,77500,original_to_original,opposite-number-shuffled,pp_attractor,L10H2,dev_ranked,296,0.01240762826558706
best,77500,original_to_original,opposite-number-shuffled,pp_attractor,L9H0,dev_ranked,296,0.010246724695772738
best,77500,original_to_original,opposite-number-shuffled,pp_attractor,L11H7,dev_ranked,296,0.0066115082921208565
best,77500,original_to_original,opposite-number-shuffled,pp_attractor,L8H0,dev_ranked,296,0.20684336005030451
best,77500,original_to_original,opposite-number-shuffled,pp_attractor,L11H0,dev_ranked,296,0.0009283729501672693
best,77500,original_to_original,opposite-number-shuffled,object_relative,L8H3,pre_registered,304,0.5401992170434249
best,77500,original_to_original,opposite-number-shuffled,object_relative,L10H2,dev_ranked,304,0.013882216654325786
best,77500,original_to_original,opposite-number-shuffled,object_relative,L9H0,dev_ranked,304,0.01167711615562439
best,77500,original_to_original,opposite-number-shuffled,object_relative,L11H7,dev_ranked,304,0.004434897711402492
best,77500,original_to_original,opposite-number-shuffled,object_relative,L8H0,dev_ranked,304,0.15464548688185842
best,77500,original_to_original,opposite-number-shuffled,object_relative,L11H0,dev_ranked,304,-0.00015078720293546977
best,77500,original_to_original,opposite-number-shuffled,subject_relative,L8H3,pre_registered,288,0.7412026027838389
best,77500,original_to_original,opposite-number-shuffled,subject_relative,L10H2,dev_ranked,288,0.004082242647806804
best,77500,original_to_original,opposite-number-shuffled,subject_relative,L9H0,dev_ranked,288,0.030523995558420818
best,77500,original_to_original,opposite-number-shuffled,subject_relative,L11H7,dev_ranked,288,0.009663855036099752
best,77500,original_to_original,opposite-number-shuffled,subject_relative,L8H0,dev_ranked,288,0.303229754169782
best,77500,original_to_original,opposite-number-shuffled,subject_relative,L11H0,dev_ranked,288,0.002344313595030043
best,77500,clone_to_clone,opposite-number,pooled_distractor,L8H3,pre_registered,888,0.49433190972955376
best,77500,clone_to_clone,opposite-number,pooled_distractor,L10H2,dev_ranked,888,0.036510013782226285
best,77500,clone_to_clone,opposite-number,pooled_distractor,L9H0,dev_ranked,888,0.1630318003731805
best,77500,clone_to_clone,opposite-number,pooled_distractor,L11H7,dev_ranked,888,-0.011013717801721246
best,77500,clone_to_clone,opposite-number,pooled_distractor,L8H0,dev_ranked,888,0.023658538186872326
best,77500,clone_to_clone,opposite-number,pooled_distractor,L11H0,dev_ranked,888,0.007814105566557462
best,77500,clone_to_clone,opposite-number,simple,L8H3,pre_registered,392,0.10081496773933878
best,77500,clone_to_clone,opposite-number,simple,L10H2,dev_ranked,392,0.05405813212297401
best,77500,clone_to_clone,opposite-number,simple,L9H0,dev_ranked,392,0.016397953033447266
best,77500,clone_to_clone,opposite-number,simple,L11H7,dev_ranked,392,0.013327309063502721
best,77500,clone_to_clone,opposite-number,simple,L8H0,dev_ranked,392,0.0020341617720467703
best,77500,clone_to_clone,opposite-number,simple,L11H0,dev_ranked,392,0.01578774865792722
best,77500,clone_to_clone,opposite-number,pp_attractor,L8H3,pre_registered,296,0.5926851887960691
best,77500,clone_to_clone,opposite-number,pp_attractor,L10H2,dev_ranked,296,0.036486406584043764
best,77500,clone_to_clone,opposite-number,pp_attractor,L9H0,dev_ranked,296,0.0876056922448648
best,77500,clone_to_clone,opposite-number,pp_attractor,L11H7,dev_ranked,296,-0.014591883968662572
best,77500,clone_to_clone,opposite-number,pp_attractor,L8H0,dev_ranked,296,0.026033984648214804
best,77500,clone_to_clone,opposite-number,pp_attractor,L11H0,dev_ranked,296,0.009575946910961254
best,77500,clone_to_clone,opposite-number,object_relative,L8H3,pre_registered,304,0.39331991264694616
best,77500,clone_to_clone,opposite-number,object_relative,L10H2,dev_ranked,304,0.03968394116351479
best,77500,clone_to_clone,opposite-number,object_relative,L9H0,dev_ranked,304,0.3223769947102195
best,77500,clone_to_clone,opposite-number,object_relative,L11H7,dev_ranked,304,-0.006921744660327309
best,77500,clone_to_clone,opposite-number,object_relative,L8H0,dev_ranked,304,0.02334784990862796
best,77500,clone_to_clone,opposite-number,object_relative,L11H0,dev_ranked,304,0.005846531767594187
best,77500,clone_to_clone,opposite-number,subject_relative,L8H3,pre_registered,288,0.499870369831721
best,77500,clone_to_clone,opposite-number,subject_relative,L10H2,dev_ranked,288,0.03318402005566491
best,77500,clone_to_clone,opposite-number,subject_relative,L9H0,dev_ranked,288,0.07235537303818597
best,77500,clone_to_clone,opposite-number,subject_relative,L11H7,dev_ranked,288,-0.011655463112725152
best,77500,clone_to_clone,opposite-number,subject_relative,L8H0,dev_ranked,288,0.021545055839750502
best,77500,clone_to_clone,opposite-number,subject_relative,L11H0,dev_ranked,288,0.008080207639270358
best,77500,clone_to_clone,opposite-number-shuffled,pooled_distractor,L8H3,pre_registered,888,0.4848809891992861
best,77500,clone_to_clone,opposite-number-shuffled,pooled_distractor,L10H2,dev_ranked,888,0.03726814942316966
best,77500,clone_to_clone,opposite-number-shuffled,pooled_distractor,L9H0,dev_ranked,888,0.17327884618226472
best,77500,clone_to_clone,opposite-number-shuffled,pooled_distractor,L11H7,dev_ranked,888,-0.009828534212198344
best,77500,clone_to_clone,opposite-number-shuffled,pooled_distractor,L8H0,dev_ranked,888,0.02542193891765835
best,77500,clone_to_clone,opposite-number-shuffled,pooled_distractor,L11H0,dev_ranked,888,0.0071684277809418
best,77500,clone_to_clone,opposite-number-shuffled,simple,L8H3,pre_registered,392,0.10118435961859566
best,77500,clone_to_clone,opposite-number-shuffled,simple,L10H2,dev_ranked,392,0.06453936075677677
best,77500,clone_to_clone,opposite-number-shuffled,simple,L9H0,dev_ranked,392,0.02542378464523627
best,77500,clone_to_clone,opposite-number-shuffled,simple,L11H7,dev_ranked,392,0.014541256184480628
best,77500,clone_to_clone,opposite-number-shuffled,simple,L8H0,dev_ranked,392,0.010516833285896145
best,77500,clone_to_clone,opposite-number-shuffled,simple,L11H0,dev_ranked,392,0.015756070613861084
best,77500,clone_to_clone,opposite-number-shuffled,pp_attractor,L8H3,pre_registered,296,0.5753385843457403
best,77500,clone_to_clone,opposite-number-shuffled,pp_attractor,L10H2,dev_ranked,296,0.03275106726465998
best,77500,clone_to_clone,opposite-number-shuffled,pp_attractor,L9H0,dev_ranked,296,0.1049467921257019
best,77500,clone_to_clone,opposite-number-shuffled,pp_attractor,L11H7,dev_ranked,296,-0.015098750591278076
best,77500,clone_to_clone,opposite-number-shuffled,pp_attractor,L8H0,dev_ranked,296,0.030005223042256123
best,77500,clone_to_clone,opposite-number-shuffled,pp_attractor,L11H0,dev_ranked,296,0.008489428339777765
best,77500,clone_to_clone,opposite-number-shuffled,object_relative,L8H3,pre_registered,304,0.40066244727686834
best,77500,clone_to_clone,opposite-number-shuffled,object_relative,L10H2,dev_ranked,304,0.04449179297999332
best,77500,clone_to_clone,opposite-number-shuffled,object_relative,L9H0,dev_ranked,304,0.33168466310752065
best,77500,clone_to_clone,opposite-number-shuffled,object_relative,L11H7,dev_ranked,304,-0.006411320284793251
best,77500,clone_to_clone,opposite-number-shuffled,object_relative,L8H0,dev_ranked,304,0.022179277319657176
best,77500,clone_to_clone,opposite-number-shuffled,object_relative,L11H0,dev_ranked,304,0.006300596814406545
best,77500,clone_to_clone,opposite-number-shuffled,subject_relative,L8H3,pre_registered,288,0.48080803288353813
best,77500,clone_to_clone,opposite-number-shuffled,subject_relative,L10H2,dev_ranked,288,0.034285748998324074
best,77500,clone_to_clone,opposite-number-shuffled,subject_relative,L9H0,dev_ranked,288,0.07630287276373969
best,77500,clone_to_clone,opposite-number-shuffled,subject_relative,L11H7,dev_ranked,288,-0.008018982079293992
best,77500,clone_to_clone,opposite-number-shuffled,subject_relative,L8H0,dev_ranked,288,0.02413415080971188
best,77500,clone_to_clone,opposite-number-shuffled,subject_relative,L11H0,dev_ranked,288,0.006726776560147603
best,77500,original_to_clone,opposite-number,pooled_distractor,L8H3,pre_registered,888,0.03791889789942149
best,77500,original_to_clone,opposite-number,pooled_distractor,L10H2,dev_ranked,888,0.010255104249662108
best,77500,original_to_clone,opposite-number,pooled_distractor,L9H0,dev_ranked,888,0.019760048604226328
best,77500,original_to_clone,opposite-number,pooled_distractor,L11H7,dev_ranked,888,-0.0020605663995485047
best,77500,original_to_clone,opposite-number,pooled_distractor,L8H0,dev_ranked,888,0.0320237617234926
best,77500,original_to_clone,opposite-number,pooled_distractor,L11H0,dev_ranked,888,0.010391631104924658
best,77500,original_to_clone,opposite-number,simple,L8H3,pre_registered,392,0.02114735817422672
best,77500,original_to_clone,opposite-number,simple,L10H2,dev_ranked,392,0.006778707309645049
best,77500,original_to_clone,opposite-number,simple,L9H0,dev_ranked,392,0.002742927901598872
best,77500,original_to_clone,opposite-number,simple,L11H7,dev_ranked,392,0.010424078727255062
best,77500,original_to_clone,opposite-number,simple,L8H0,dev_ranked,392,0.004988311504831119
best,77500,original_to_clone,opposite-number,simple,L11H0,dev_ranked,392,0.01127608211673036
best,77500,original_to_clone,opposite-number,pp_attractor,L8H3,pre_registered,296,0.09327234448613347
best,77500,original_to_clone,opposite-number,pp_attractor,L10H2,dev_ranked,296,0.009879378048149316
best,77500,original_to_clone,opposite-number,pp_attractor,L9H0,dev_ranked,296,0.009557451750781085
best,77500,original_to_clone,opposite-number,pp_attractor,L11H7,dev_ranked,296,-0.00014361014237274994
best,77500,original_to_clone,opposite-number,pp_attractor,L8H0,dev_ranked,296,0.033789657257698676
best,77500,original_to_clone,opposite-number,pp_attractor,L11H0,dev_ranked,296,0.010272863748911265
best,77500,original_to_clone,opposite-number,object_relative,L8H3,pre_registered,304,-0.007712740647165399
best,77500,original_to_clone,opposite-number,object_relative,L10H2,dev_ranked,304,0.013501811968652825
best,77500,original_to_clone,opposite-number,object_relative,L9H0,dev_ranked,304,0.009337453465712698
best,77500,original_to_clone,opposite-number,object_relative,L11H7,dev_ranked,304,-0.004279486442867078
best,77500,original_to_clone,opposite-number,object_relative,L8H0,dev_ranked,304,0.007775631390119854
best,77500,original_to_clone,opposite-number,object_relative,L11H0,dev_ranked,304,0.008417065206326936
best,77500,original_to_clone,opposite-number,subject_relative,L8H3,pre_registered,288,0.029194585151142545
best,77500,original_to_clone,opposite-number,subject_relative,L10H2,dev_ranked,288,0.007214186920060052
best,77500,original_to_clone,opposite-number,subject_relative,L9H0,dev_ranked,288,0.041247679127587214
best,77500,original_to_clone,opposite-number,subject_relative,L11H7,dev_ranked,288,-0.0016885780625873143
best,77500,original_to_clone,opposite-number,subject_relative,L8H0,dev_ranked,288,0.05580406222078535
best,77500,original_to_clone,opposite-number,subject_relative,L11H0,dev_ranked,288,0.012597961558236016
best,77500,original_to_clone,opposite-number-shuffled,pooled_distractor,L8H3,pre_registered,888,0.03991669846010638
best,77500,original_to_clone,opposite-number-shuffled,pooled_distractor,L10H2,dev_ranked,888,0.011885594677280736
best,77500,original_to_clone,opposite-number-shuffled,pooled_distractor,L9H0,dev_ranked,888,0.02158890436361502
best,77500,original_to_clone,opposite-number-shuffled,pooled_distractor,L11H7,dev_ranked,888,-0.0031334602081023893
best,77500,original_to_clone,opposite-number-shuffled,pooled_distractor,L8H0,dev_ranked,888,0.03540667703559807
best,77500,original_to_clone,opposite-number-shuffled,pooled_distractor,L11H0,dev_ranked,888,0.009497380471444345
best,77500,original_to_clone,opposite-number-shuffled,simple,L8H3,pre_registered,392,0.02295529112523916
best,77500,original_to_clone,opposite-number-shuffled,simple,L10H2,dev_ranked,392,0.008033757307091537
best,77500,original_to_clone,opposite-number-shuffled,simple,L9H0,dev_ranked,392,0.0023716043452827297
best,77500,original_to_clone,opposite-number-shuffled,simple,L11H7,dev_ranked,392,0.009153076580592565
best,77500,original_to_clone,opposite-number-shuffled,simple,L8H0,dev_ranked,392,0.00904139450618199
best,77500,original_to_clone,opposite-number-shuffled,simple,L11H0,dev_ranked,392,0.011349699935134577
best,77500,original_to_clone,opposite-number-shuffled,pp_attractor,L8H3,pre_registered,296,0.09170985221862793
best,77500,original_to_clone,opposite-number-shuffled,pp_attractor,L10H2,dev_ranked,296,0.011430769353299527
best,77500,original_to_clone,opposite-number-shuffled,pp_attractor,L9H0,dev_ranked,296,0.008879392533688931
best,77500,original_to_clone,opposite-number-shuffled,pp_attractor,L11H7,dev_ranked,296,-0.008059016756109288
best,77500,original_to_clone,opposite-number-shuffled,pp_attractor,L8H0,dev_ranked,296,0.042911864615775445
best,77500,original_to_clone,opposite-number-shuffled,pp_attractor,L11H0,dev_ranked,296,0.00976785453590187
best,77500,original_to_clone,opposite-number-shuffled,object_relative,L8H3,pre_registered,304,-0.0013216765303360788
best,77500,original_to_clone,opposite-number-shuffled,object_relative,L10H2,dev_ranked,304,0.018476141126532303
best,77500,original_to_clone,opposite-number-shuffled,object_relative,L9H0,dev_ranked,304,0.008812115380638525
best,77500,original_to_clone,opposite-number-shuffled,object_relative,L11H7,dev_ranked,304,-0.002553313970565796
best,77500,original_to_clone,opposite-number-shuffled,object_relative,L8H0,dev_ranked,304,0.004087435571770919
best,77500,original_to_clone,opposite-number-shuffled,object_relative,L11H0,dev_ranked,304,0.00958919368292156
best,77500,original_to_clone,opposite-number-shuffled,subject_relative,L8H3,pre_registered,288,0.030214241809315152
best,77500,original_to_clone,opposite-number-shuffled,subject_relative,L10H2,dev_ranked,288,0.005396366119384766
best,77500,original_to_clone,opposite-number-shuffled,subject_relative,L9H0,dev_ranked,288,0.048138068781958684
best,77500,original_to_clone,opposite-number-shuffled,subject_relative,L11H7,dev_ranked,288,0.0013165407710605198
best,77500,original_to_clone,opposite-number-shuffled,subject_relative,L8H0,dev_ranked,288,0.060752211345566645
best,77500,original_to_clone,opposite-number-shuffled,subject_relative,L11H0,dev_ranked,288,0.009122479293081496
best,77500,clone_to_original,opposite-number,pooled_distractor,L8H3,pre_registered,888,0.2358766026325054
best,77500,clone_to_original,opposite-number,pooled_distractor,L10H2,dev_ranked,888,0.009274352241206813
best,77500,clone_to_original,opposite-number,pooled_distractor,L9H0,dev_ranked,888,0.03129345017510492
best,77500,clone_to_original,opposite-number,pooled_distractor,L11H7,dev_ranked,888,0.002745150445817827
best,77500,clone_to_original,opposite-number,pooled_distractor,L8H0,dev_ranked,888,0.012528158522940971
best,77500,clone_to_original,opposite-number,pooled_distractor,L11H0,dev_ranked,888,-0.0024427427901878014
best,77500,clone_to_original,opposite-number,simple,L8H3,pre_registered,392,0.025007213865007673
best,77500,clone_to_original,opposite-number,simple,L10H2,dev_ranked,392,0.020365705295484895
best,77500,clone_to_original,opposite-number,simple,L9H0,dev_ranked,392,0.004946264685416708
best,77500,clone_to_original,opposite-number,simple,L11H7,dev_ranked,392,0.017168183715976015
best,77500,clone_to_original,opposite-number,simple,L8H0,dev_ranked,392,-0.005417591455031415
best,77500,clone_to_original,opposite-number,simple,L11H0,dev_ranked,392,-0.0020063592463123556
best,77500,clone_to_original,opposite-number,pp_attractor,L8H3,pre_registered,296,0.2404964211824778
best,77500,clone_to_original,opposite-number,pp_attractor,L10H2,dev_ranked,296,0.008959170934316274
best,77500,clone_to_original,opposite-number,pp_attractor,L9H0,dev_ranked,296,0.029419222393551388
best,77500,clone_to_original,opposite-number,pp_attractor,L11H7,dev_ranked,296,0.005681542125908104
best,77500,clone_to_original,opposite-number,pp_attractor,L8H0,dev_ranked,296,0.021237924292280868
best,77500,clone_to_original,opposite-number,pp_attractor,L11H0,dev_ranked,296,-0.003057075513375772
best,77500,clone_to_original,opposite-number,object_relative,L8H3,pre_registered,304,0.22056009738068832
best,77500,clone_to_original,opposite-number,object_relative,L10H2,dev_ranked,304,0.012907901876851133
best,77500,clone_to_original,opposite-number,object_relative,L9H0,dev_ranked,304,0.04474682870664095
best,77500,clone_to_original,opposite-number,object_relative,L11H7,dev_ranked,304,0.00020063550848709909
best,77500,clone_to_original,opposite-number,object_relative,L8H0,dev_ranked,304,-0.0027361386700680383
best,77500,clone_to_original,opposite-number,object_relative,L11H0,dev_ranked,304,-0.0013678983638161107
best,77500,clone_to_original,opposite-number,subject_relative,L8H3,pre_registered,288,0.24729587799972957
best,77500,clone_to_original,opposite-number,subject_relative,L10H2,dev_ranked,288,0.005762875080108643
best,77500,clone_to_original,opposite-number,subject_relative,L9H0,dev_ranked,288,0.019018951389524672
best,77500,clone_to_original,opposite-number,subject_relative,L11H7,dev_ranked,288,0.002413069208463033
best,77500,clone_to_original,opposite-number,subject_relative,L8H0,dev_ranked,288,0.019688768519295588
best,77500,clone_to_original,opposite-number,subject_relative,L11H0,dev_ranked,288,-0.0029459032747480604
best,77500,clone_to_original,opposite-number-shuffled,pooled_distractor,L8H3,pre_registered,888,0.23415513081593556
best,77500,clone_to_original,opposite-number-shuffled,pooled_distractor,L10H2,dev_ranked,888,0.0105620407843375
best,77500,clone_to_original,opposite-number-shuffled,pooled_distractor,L9H0,dev_ranked,888,0.03340347715326258
best,77500,clone_to_original,opposite-number-shuffled,pooled_distractor,L11H7,dev_ranked,888,0.004093610488616668
best,77500,clone_to_original,opposite-number-shuffled,pooled_distractor,L8H0,dev_ranked,888,0.011023933823044235
best,77500,clone_to_original,opposite-number-shuffled,pooled_distractor,L11H0,dev_ranked,888,-0.0019588094573837144
best,77500,clone_to_original,opposite-number-shuffled,simple,L8H3,pre_registered,392,0.027190828809932788
best,77500,clone_to_original,opposite-number-shuffled,simple,L10H2,dev_ranked,392,0.022424386472118144
best,77500,clone_to_original,opposite-number-shuffled,simple,L9H0,dev_ranked,392,0.001125998642979836
best,77500,clone_to_original,opposite-number-shuffled,simple,L11H7,dev_ranked,392,0.01793524440453977
best,77500,clone_to_original,opposite-number-shuffled,simple,L8H0,dev_ranked,392,0.0005853966790802625
best,77500,clone_to_original,opposite-number-shuffled,simple,L11H0,dev_ranked,392,-0.001696328727566466
best,77500,clone_to_original,opposite-number-shuffled,pp_attractor,L8H3,pre_registered,296,0.2357187126133893
best,77500,clone_to_original,opposite-number-shuffled,pp_attractor,L10H2,dev_ranked,296,0.006263649141466296
best,77500,clone_to_original,opposite-number-shuffled,pp_attractor,L9H0,dev_ranked,296,0.0371449799151034
best,77500,clone_to_original,opposite-number-shuffled,pp_attractor,L11H7,dev_ranked,296,0.009221819606987206
best,77500,clone_to_original,opposite-number-shuffled,pp_attractor,L8H0,dev_ranked,296,0.026632057653891074
best,77500,clone_to_original,opposite-number-shuffled,pp_attractor,L11H0,dev_ranked,296,-1.91910846813305e-05
best,77500,clone_to_original,opposite-number-shuffled,object_relative,L8H3,pre_registered,304,0.22071398088806554
best,77500,clone_to_original,opposite-number-shuffled,object_relative,L10H2,dev_ranked,304,0.01419633940646523
best,77500,clone_to_original,opposite-number-shuffled,object_relative,L9H0,dev_ranked,304,0.045415762223695456
best,77500,clone_to_original,opposite-number-shuffled,object_relative,L11H7,dev_ranked,304,-0.0012459049099370052
best,77500,clone_to_original,opposite-number-shuffled,object_relative,L8H0,dev_ranked,304,-0.008457113253442864
best,77500,clone_to_original,opposite-number-shuffled,object_relative,L11H0,dev_ranked,304,-0.002462987837038542
best,77500,clone_to_original,opposite-number-shuffled,subject_relative,L8H3,pre_registered,288,0.24673599667019314
best,77500,clone_to_original,opposite-number-shuffled,subject_relative,L10H2,dev_ranked,288,0.01114362809393141
best,77500,clone_to_original,opposite-number-shuffled,subject_relative,L9H0,dev_ranked,288,0.01687840951813592
best,77500,clone_to_original,opposite-number-shuffled,subject_relative,L11H7,dev_ranked,288,0.0044591062598758275
best,77500,clone_to_original,opposite-number-shuffled,subject_relative,L8H0,dev_ranked,288,0.01554557846652137
best,77500,clone_to_original,opposite-number-shuffled,subject_relative,L11H0,dev_ranked,288,-0.003420117828581068
